Food,CO2 footprint,Category,Energy (kcal),Energy (kJ),Carbohydrate (g),Fat (g),Protein (g),Fibre (g),Water (g),Alcohol (g),Ash (g),Monosaccharides (g),Disaccharides (g),Sucrose (g),Wholegrain total (g),Sugar total (g),Saturated fatty acids (g),Fatty acids 4:0-10:0 (g),Fatty acid 12:0 (g),Fatty acid 14:0 (g),Fatty acid 16:0 (g),Fatty acid 18:0 (g),Fatty acid 20:0 (g),Monounsaturated fatty acids (g),Fatty acid 16:1 (g),Fatty acid 18:1 (g),Sum of polyunsaturated fatty acids (g),Fatty acids 18:2 (g),Fatty acid 18:3 (g),Fatty acid 20:4 (g),EPA (Fatty acid 20:5) (g),DPA (Fatty acid 22:5) (g),DHA (Fatty acid 22:6) (g),Cholesterol (mg),Retinol (µg),Retinolequivalents (µg),Beta-carotene (µg),Vitamin D (µg),Vitamin E (mg),Vitamin K (µg),Thiamin (mg),Riboflavin (mg),Vitamin C (mg),Niacin (mg),Niacinequivalents (mg),Vitamin B-6 (mg),Vitamin B-12 (µg),Folate (µg),Phosphorus (mg),Iodide (µg),Iron (mg),Calcium (mg),Potassium (mg),Magnesium (mg),Sodium (mg),Salt (g),Selenium (µg),Zinc (mg),Waste (e.g. peel) (%)
Almond milk,1.6,dairy,26.10,109.20,3.50,1.30,0.00,0.20,94.50,0.00,0.55,0.00,3.10,3.10,0.00,,0.12,0.00,0.00,0.01,0.08,0.02,0.00,0.81,0.00,0.80,0.26,0.25,0.01,0.00,0.00,0.00,0.00,0.00,0.00,0.00,0.00,0.00,0.00,0.00,0.00,0.00,0.00,0.09,0.10,0.00,0.00,0.40,67.00,,0.05,133.00,16.50,6.40,49.40,0.12,0.00,0.04,
Apples,0.18,fruits and berries,47.90,200.30,10.58,0.05,0.00,2.32,86.88,0.00,0.23,6.54,3.38,3.38,0.00,0.00,0.00,0.00,0.00,0.00,0.00,0.00,0.00,0.00,0.00,0.00,0.00,0.00,0.00,0.00,0.00,0.00,0.00,0.00,0.00,2.00,22.00,0.00,0.32,2.70,0.01,0.00,4.80,0.12,0.12,0.04,0.00,2.90,6.80,0.00,0.88,3.00,61.60,3.60,0.00,0.00,0.00,0.03,8.00
Apples (non-European),1.3,fruits and berries,47.90,200.30,10.58,0.05,0.00,2.32,86.88,0.00,0.23,6.54,3.38,3.38,0.00,0.00,0.00,0.00,0.00,0.00,0.00,0.00,0.00,0.00,0.00,0.00,0.00,0.00,0.00,0.00,0.00,0.00,0.00,0.00,0.00,2.00,22.00,0.00,0.32,2.70,0.01,0.00,4.80,0.12,0.12,0.04,0.00,2.90,6.80,0.00,0.88,3.00,61.60,3.60,0.00,0.00,0.00,0.03,8.00
Apricot,0.97,fruits and berries,51,213.5,9.3,0.4,1.4,2.1,86,0,0.8,2.5,5.8,5.8,0,,0.03,0,0,0,0,0.17,0,0.17,0.08,0.08,0,0,0,0,0,0,0,130.8,1570,0,4,,0.03,0.04,10,0.6,0.83,0.05,0,9,19,0.5,0.5,14,295,8,1,0,0.2,0.3,7,,
Apricot jam,1.9,sweets,242.00,1,012.53,64.40,0.20,0.70,0.30,34.50,,,,,,,43.40,0.01,,,,,,,,,,,,,,,,,0.00,,,,0.00,0.13,0.00,0.00,0.02,8.80,0.04,,0.02,0.00,,3.00,,0.49,20.00,77.00,4.00,40.00,,,0.06,
Arugula salad,0.7,vegetables,27.60,115.40,1.99,0.66,2.58,1.66,91.71,0.00,1.40,0.20,0.70,0.70,0.00,,0.09,0.00,0.00,0.00,0.07,0.00,0.00,0.05,0.00,0.05,0.32,0.13,0.17,0.00,0.00,0.00,0.00,0.00,0.00,118.00,1,424.00,0.00,0.43,,0.04,0.09,15.00,0.30,0.74,0.07,0.00,97.00,52.00,,1.46,160.00,369.00,47.00,27.00,0.07,0.30,0.47,
Asparagus,0.23,vegetables,27.00,112.90,2.40,0.20,3.10,1.50,92.00,0.00,0.80,1.00,0.20,0.20,0.00,,0.05,0.00,0.00,0.00,0.04,0.00,0.00,0.00,0.00,0.00,0.11,0.10,0.01,0.00,0.00,0.00,0.00,0.00,0.00,26.70,320.00,0.00,1.98,,0.11,0.12,33.00,1.10,1.62,0.15,0.00,119.00,52.00,4.00,0.70,22.00,300.00,18.00,2.00,0.01,0.20,0.90,47.00
Aubergine,0.7,vegetables,18.90,79.10,2.20,0.10,1.13,2.35,93.70,0.00,0.52,2.40,0.20,0.20,0.00,,0.02,0.00,0.00,0.00,0.01,0.00,0.00,0.01,0.00,0.01,0.04,0.03,0.01,0.00,0.00,0.00,0.00,0.00,0.00,2.60,31.00,0.00,0.09,5.50,0.02,0.00,3.30,0.58,0.80,0.04,0.00,21.30,24.00,,0.21,10.00,210.00,14.00,2.00,0.01,0.00,0.16,19.00
Avocado,1.3,vegetables,197.20,825.10,1.70,19.60,1.94,4.75,70.00,0.00,2.03,0.20,0.30,0.20,0.00,,3.43,0.00,0.00,0.00,3.30,0.09,0.02,12.72,1.48,11.15,2.57,2.42,0.15,0.00,0.00,0.00,0.00,0.00,0.00,6.20,48.00,0.00,3.41,18.70,0.07,0.10,3.30,1.79,2.10,0.37,0.00,116.00,67.00,,0.26,14.00,600.00,32.00,5.00,0.01,0.00,0.40,33.00
Bacon,5.7,meat,348.10,1,456.50,0.00,30.65,18.97,0.00,45.85,0.00,4.53,0.00,0.00,0.00,0.00,,12.79,0.00,0.00,0.47,7.94,4.20,0.06,13.78,0.78,12.53,2.63,2.16,0.18,0.06,0.00,0.00,0.00,54.20,12.70,12.70,0.00,0.54,0.57,,0.36,0.12,0.00,3.94,7.40,0.10,0.99,2.40,201.00,1.00,0.85,9.90,188.30,21.20,1,161.00,2.90,11.33,1.63,0.00
Banana,1.13,fruits and berries,101.10,423.10,22.00,0.50,1.00,1.70,74.00,0.00,0.80,7.10,6.40,6.40,0.00,,0.23,0.01,0.00,0.00,0.15,0.01,0.00,0.05,0.01,0.03,0.11,0.07,0.04,0.00,0.00,0.00,0.00,0.00,0.00,1.20,14.00,0.00,0.55,,0.04,0.10,9.00,0.50,0.67,0.58,0.00,19.00,20.00,0.40,0.40,6.00,395.00,33.00,1.00,0.00,0.50,0.20,37.00
Barley,0.8,grains,348.10,1,456.50,70.20,1.57,10.60,3.10,14.00,0.00,0.54,0.07,1.41,0.20,0.00,,0.21,0.00,0.00,0.00,0.19,0.01,0.00,0.14,0.00,0.13,0.69,0.64,0.04,0.00,0.00,0.00,0.00,0.00,0.00,1.10,11.00,0.00,0.49,0.80,0.20,0.03,0.00,1.19,3.00,0.13,0.00,23.80,124.50,1.00,1.08,18.10,149.00,27.20,0.80,0.00,3.40,0.82,0.00
Basmati rice, dry,3.1,grains,358.80,1,501.30,76.70,1.00,9.20,0.50,12.00,0.00,0.64,0.00,0.20,0.20,0.00,,0.18,0.00,0.00,0.00,0.15,0.01,0.01,0.33,0.00,0.32,0.34,0.33,0.01,0.00,0.00,0.00,0.00,0.00,0.00,0.00,0.00,0.00,0.00,,0.14,0.05,0.00,1.30,2.80,0.42,0.00,9.00,101.00,,0.40,18.00,76.00,26.00,0.00,0.00,14.00,1.50,
Beef,22.7,meat,123.60,517.00,0.00,4.10,21.69,0.00,73.30,0.00,1.10,0.00,0.00,0.00,0.00,,1.98,0.00,0.00,0.10,0.92,0.75,0.01,1.43,0.09,1.28,0.28,0.16,0.05,0.03,0.01,0.02,0.00,56.80,4.70,8.10,41.00,0.00,0.77,2.40,0.10,0.21,0.00,6.79,10.80,0.41,1.48,5.00,210.00,3.70,2.32,4.30,350.00,25.00,70.00,0.18,6.49,2.63,0.00
Blueberries,1.18,fruits and berries,52.8,221,9.1,0.8,0.7,3.1,86,0,0.3,5.9,0.5,0.5,0,,0.03,0,0,0,0,0.09,0,0.09,0.52,0.23,0.29,0,0,0,0,0,0,8.5,96,0,0.1,15,0.04,0.07,8.1,0.3,0.42,0.06,0,10.2,20,1.2,0.6,23,86,9,3,0.01,0,0.2,2,,
Broccoli (imported),1.31,vegetables,35.20,147.30,3.12,0.27,3.50,3.10,89.10,0.00,0.91,1.65,0.20,0.20,0.00,,0.04,0.00,0.00,0.00,0.04,0.00,0.00,0.01,0.00,0.01,0.09,0.03,0.06,0.00,0.00,0.00,0.00,0.00,0.00,39.20,470.00,0.00,0.36,,0.08,0.12,83.00,0.61,1.19,0.21,0.00,175.00,81.30,0.80,0.66,62.00,332.00,23.00,3.50,0.01,0.50,0.40,39.00
Broccoli (Swedish),0.4,vegetables,35.20,147.30,3.12,0.27,3.50,3.10,89.10,0.00,0.91,1.65,0.20,0.20,0.00,,0.04,0.00,0.00,0.00,0.04,0.00,0.00,0.01,0.00,0.01,0.09,0.03,0.06,0.00,0.00,0.00,0.00,0.00,0.00,39.20,470.00,0.00,0.36,,0.08,0.12,83.00,0.61,1.19,0.21,0.00,175.00,81.30,0.80,0.66,62.00,332.00,23.00,3.50,0.01,0.50,0.40,39.00
Brown bread,0.75,grains,349.00,1,460.40,57.60,2.50,14.58,17.60,5.40,0.00,2.30,0.20,1.60,1.00,100.00,,0.34,0.00,0.00,0.00,0.30,0.01,0.00,0.29,0.01,0.23,1.16,1.01,0.15,0.00,0.00,0.00,0.00,0.00,0.00,0.00,0.00,0.00,0.74,,0.13,0.11,0.00,0.91,3.30,0.30,0.00,37.30,350.00,11.00,2.97,43.00,505.00,78.00,300.00,0.75,5.51,2.32,0.00
Brown cabbage,0.23,vegetables,47.50,198.90,6.99,1.01,1.37,2.44,86.22,0.00,1.93,6.28,1.40,1.40,0.00,,0.12,0.00,0.00,0.00,0.08,0.02,0.00,0.53,0.00,0.52,0.30,0.18,0.11,0.00,0.00,0.00,0.00,0.00,2.70,3.40,8.00,0.02,0.25,,0.03,0.01,15.60,0.34,0.56,0.10,0.01,7.60,28.40,,0.28,41.70,176.30,12.40,509.70,1.28,0.06,0.13,
Brussels sprouts,0.23,vegetables,43.60,182.40,4.70,0.30,3.40,4.20,86.00,0.00,1.40,2.00,0.60,0.60,0.00,,0.05,0.00,0.00,0.00,0.04,0.00,0.01,0.01,0.00,0.01,0.18,0.04,0.14,0.00,0.00,0.00,0.00,0.00,0.00,35.80,430.00,0.00,0.88,,0.14,0.09,85.00,0.70,1.27,0.22,0.00,159.00,69.00,0.30,1.40,42.00,390.00,23.00,7.00,0.02,1.00,0.50,23.00
Butter,6.5,oils,728.80,3,049.30,0.50,82.00,0.40,0.00,15.91,0.00,0.57,0.00,0.50,0.00,0.00,,54.99,8.14,2.77,8.81,24.80,7.67,0.13,19.10,1.32,16.59,2.95,2.24,0.51,0.09,0.00,0.00,0.00,256.00,588.00,619.90,380.00,0.51,2.10,7.40,0.00,0.00,0.00,0.00,0.10,0.00,0.00,0.00,0.00,4.00,0.00,0.00,0.00,0.00,480.00,1.20,0.00,0.00,0.00
Butterhead lettuce,0.7,vegetables,14.20,59.50,1.10,0.20,1.40,1.20,95.00,0.00,1.10,0.70,0.10,0.10,0.00,,0.04,0.00,0.00,0.00,0.03,0.00,0.00,0.01,0.00,0.00,0.12,0.05,0.06,0.00,0.00,0.00,0.00,0.00,0.00,108.30,1,300.00,0.00,0.30,,0.08,0.10,9.00,0.50,0.73,0.06,0.00,73.00,32.00,1.00,0.70,65.00,360.00,13.00,6.00,0.02,0.50,0.50,10.00
Cabbage,0.23,vegetables,29.50,123.40,4.70,0.10,1.13,2.58,90.80,0.00,0.65,5.30,0.40,0.40,0.00,,0.02,0.00,0.00,0.00,0.02,0.00,0.00,0.00,0.00,0.01,0.06,0.01,0.04,0.00,0.00,0.00,0.00,0.00,0.00,0.50,6.00,0.00,0.03,44.00,0.05,0.00,46.20,0.32,0.50,0.17,0.00,19.10,24.00,0.70,0.21,41.00,240.00,11.00,7.00,0.02,0.00,0.12,20.00
Camembert,5.6,cheese,286.30,1,198.00,0.00,22.50,21.50,0.00,52.70,0.00,3.30,0.00,0.10,0.00,0.00,,14.58,1.92,0.72,2.36,6.45,2.50,0.04,5.80,0.34,5.07,0.58,0.43,0.13,0.02,0.00,0.00,0.00,72.00,215.00,223.20,99.00,0.16,0.50,,0.04,0.45,0.00,1.80,6.82,0.25,1.10,62.00,370.00,,0.20,720.00,187.00,20.00,605.00,1.51,5.50,2.40,0.00
Cantaloupe,1.3,fruits and berries,36.70,153.70,7.90,0.10,0.50,0.90,90.00,0.00,0.60,3.00,4.80,4.80,0.00,,0.03,0.00,0.00,0.00,0.02,0.00,0.00,0.01,0.00,0.01,0.03,0.01,0.02,0.00,0.00,0.00,0.00,0.00,0.00,2.00,24.00,0.00,0.10,,0.08,0.02,25.00,0.60,0.68,0.06,0.00,30.00,10.00,,0.10,6.00,270.00,7.00,10.00,0.03,0.00,0.00,54.00
Carrot,0.14,root vegetables,36.40,152.10,6.60,0.24,0.69,2.42,89.45,0.00,0.58,3.20,3.05,3.05,0.00,,0.05,0.00,0.00,0.00,0.05,0.00,0.00,0.00,0.00,0.00,0.14,0.12,0.02,0.00,0.00,0.00,0.00,0.00,0.00,861.50,8,695.00,0.00,0.57,8.00,0.04,0.00,4.90,0.80,0.90,0.14,0.00,22.20,23.00,3.00,0.19,26.00,210.00,8.00,31.00,0.08,0.00,0.16,16.00
Cauliflower,0.29,vegetables,24.40,102.10,2.60,0.17,1.94,2.33,92.20,0.00,0.78,2.10,0.60,0.60,0.00,,0.04,0.00,0.00,0.00,0.04,0.00,0.00,0.01,0.00,0.01,0.08,0.02,0.05,0.00,0.00,0.00,0.00,0.00,0.00,0.50,6.00,0.00,0.10,27.30,0.06,0.05,79.10,0.52,0.80,0.18,0.00,88.40,43.00,0.80,0.34,23.00,340.00,11.00,6.00,0.02,0.00,0.25,21.00
Cauliflower (imported),0.7,vegetables,24.40,102.10,2.60,0.17,1.94,2.33,92.20,0.00,0.78,2.10,0.60,0.60,0.00,,0.04,0.00,0.00,0.00,0.04,0.00,0.00,0.01,0.00,0.01,0.08,0.02,0.05,0.00,0.00,0.00,0.00,0.00,0.00,0.50,6.00,0.00,0.10,27.30,0.06,0.05,79.10,0.52,0.80,0.18,0.00,88.40,43.00,0.80,0.34,23.00,340.00,11.00,6.00,0.02,0.00,0.25,21.00
Celeriac,0.25,root vegetables,32.30,135.30,4.40,0.50,1.01,3.10,90.00,0.00,1.03,0.00,2.40,2.40,0.00,,0.12,0.00,0.00,0.00,0.09,0.00,0.01,0.02,0.02,0.24,0.26,0.03,0.00,0.00,0.00,0.00,0.00,0.00,0.00,0.20,2.00,0.00,0.20,0.80,0.05,0.05,9.20,0.56,0.70,0.22,0.00,58.80,60.00,0.00,0.34,31.50,296.00,11.70,45.00,0.11,0.00,0.34,25.00
Celery,0.18,vegetables,13.30,55.50,1.50,0.10,0.70,1.80,95.00,0.00,0.90,0.90,0.30,0.30,0.00,,0.02,0.00,0.00,0.00,0.02,0.00,0.00,0.02,0.00,0.02,0.04,0.04,0.00,0.00,0.00,0.00,0.00,0.00,0.00,9.20,110.00,0.00,0.20,,0.04,0.08,7.00,0.50,0.62,0.09,0.00,9.00,26.00,1.90,0.40,70.00,320.00,8.00,62.00,0.16,1.00,0.40,20.00
Chard babyleafs,0.7,vegetables,15.90,66.70,0.00,0.50,2.13,1.50,94.40,0.00,1.49,0.20,0.00,0.00,0.00,,0.06,0.00,0.00,0.00,0.05,0.00,0.00,0.03,0.01,0.02,0.31,0.05,0.22,0.00,0.00,0.00,0.00,0.00,0.00,175.30,2,060.00,0.00,0.93,255.00,0.04,0.09,8.50,0.40,0.80,0.13,0.00,123.00,26.00,2.00,1.37,95.00,260.00,34.00,200.00,0.50,0.00,0.37,0.00
Cherimoya,0.92,fruits and berries,99.10,414.80,21.10,0.40,1.30,2.40,74.00,0.00,0.80,11.20,0.50,0.50,0.00,,0.00,0.00,0.00,0.00,0.00,0.00,0.00,0.00,0.00,0.00,0.00,0.00,0.00,0.00,0.00,0.00,0.00,0.00,0.00,0.50,6.00,0.00,0.10,,0.10,0.11,9.00,1.30,1.52,0.05,0.00,5.00,40.00,,0.50,23.00,113.00,14.00,1.00,0.00,1.00,0.10,35.00
Cherry,1.58,fruits and berries,68.6,287,14.68,0.1,1.09,1.87,81.6,0,0.65,14.6,0,0,0,,0.02,0,0,0.01,0,0.02,0,0.02,0.04,0.02,0.02,0,0,0,0,0,0,5.9,61,0,0.57,3.4,0.02,0.03,12.3,0.2,0.33,0.07,0,24.7,22,0.2,0.3,16.6,286,8,0.7,0,0,0.1,10,,
Cherry tomato,11.9,vegetables,25.20,105.40,4.40,0.13,0.81,1.50,92.50,0.00,0.64,4.10,0.00,0.00,0.00,,0.02,0.00,0.00,0.00,0.02,0.00,0.00,0.02,0.00,0.01,0.06,0.06,0.01,0.00,0.00,0.00,0.00,0.00,0.00,80.40,965.00,0.00,0.95,6.10,0.05,0.03,33.70,0.87,1.00,0.14,0.00,25.70,37.00,0.20,0.44,11.00,320.00,14.00,3.00,0.01,0.00,0.13,0.00
Chick peas (canned),1,legumes,128.20,536.50,15.70,2.50,7.50,6.20,67.10,0.00,1.00,0.03,0.42,0.34,0.00,,0.27,0.00,0.00,0.00,0.19,0.04,0.01,0.67,0.01,0.65,1.06,1.02,0.05,0.00,0.00,0.00,0.00,0.00,0.00,1.10,12.00,0.00,1.29,13.70,0.05,0.03,0.00,0.20,1.50,0.11,0.00,72.80,103.40,1.30,1.63,68.00,162.80,34.10,213.10,0.53,19.80,1.06,
Chicken,3.62,meat,114.80,480.20,0.00,3.10,21.50,0.00,74.40,0.00,1.00,0.00,0.00,0.00,0.00,,0.83,0.00,0.00,0.03,0.62,0.17,0.00,1.24,0.20,1.01,0.38,0.30,0.02,0.01,0.01,0.01,0.01,70.00,16.00,16.00,0.00,0.40,1.10,,0.07,0.14,0.00,8.20,12.14,0.43,0.40,23.00,173.00,0.40,0.90,12.00,230.00,25.00,77.00,0.19,11.20,1.50,0.00
Chicken breast fillet,3.62,meat,104.50,437.10,0.00,1.20,23.10,0.00,74.68,0.00,1.02,0.00,0.00,0.00,0.00,,0.38,0.00,0.00,0.01,0.29,0.08,0.00,0.58,0.09,0.47,0.17,0.14,0.01,0.01,0.00,0.00,0.01,58.00,7.00,7.00,0.00,0.40,1.10,,0.24,0.14,0.00,12.00,16.24,0.90,0.26,23.00,196.00,,0.72,11.00,255.00,28.00,65.00,0.16,11.20,0.80,0.00
Chicory,0.7,vegetables,13.60,57.00,1.10,0.10,1.00,2.20,95.00,0.00,0.60,0.20,0.70,0.70,0.00,,0.02,0.00,0.00,0.00,0.02,0.00,0.00,0.00,0.00,0.00,0.04,0.04,0.01,0.00,0.00,0.00,0.00,0.00,0.00,4.00,48.00,0.00,0.10,,0.07,0.14,4.00,0.50,0.67,0.05,0.00,52.00,21.00,0.40,0.50,22.00,187.00,7.00,2.00,0.01,1.00,0.20,11.00
Chinese cabbage,0.23,vegetables,20.60,86.00,2.68,0.14,1.31,1.62,93.70,0.00,0.55,2.40,0.10,0.10,0.00,,0.03,0.00,0.00,0.00,0.03,0.00,0.00,0.02,0.00,0.02,0.06,0.01,0.05,0.00,0.00,0.00,0.00,0.00,0.00,1.20,15.00,0.00,0.34,,0.05,0.05,39.00,0.78,0.99,0.15,0.00,150.00,38.00,0.30,0.34,25.60,204.00,15.00,9.00,0.02,0.20,0.30,7.00
Chinese cabbage (imported),0.7,vegetables,28.50,119.40,1.80,0.40,2.80,3.30,90.00,0.00,1.70,2.30,0.30,0.30,0.00,,0.07,0.00,0.00,0.00,0.05,0.00,0.00,0.07,0.02,0.00,0.18,0.04,0.13,0.00,0.00,0.00,0.00,0.00,0.00,175.00,2,100.00,0.00,0.20,,0.23,0.11,31.00,0.20,0.67,0.10,0.00,3.30,51.00,,2.70,64.00,396.00,14.00,7.00,0.02,1.00,0.50,7.00
Coconut milk,4.2,dairy,238.7,998.6,3.5,24,2.3,1.5,68,0,0.7,0,1.5,1.5,0,,20.34,3.36,10.46,3.9,1.94,0.63,0.02,1.74,0,1.7,0.52,0.5,0,0,0,0,0,0,0,0,0,0,0.15,,0.03,0,2,0.8,1.18,0,0,1.2,100,,1.6,16,265,37,15,0.04,0.1,0.7,0
Cod,4.7,fish and seafood,78.30,327.70,0.00,0.50,18.19,0.00,81.00,0.00,1.10,0.00,0.00,0.00,0.00,,0.08,0.00,0.00,0.00,0.06,0.01,0.00,0.05,0.01,0.04,0.21,0.01,0.00,0.01,0.03,0.01,0.15,48.40,2.30,2.30,0.00,1.84,0.67,0.00,0.05,0.05,0.00,2.16,5.50,0.14,1.41,14.00,217.00,180.00,0.12,12.00,402.00,27.00,59.00,0.15,27.30,0.60,34.00
Coffee powder,4.02,sweets,303.70,1,270.60,42.60,1.70,19.50,19.00,6.80,0.00,10.40,0.00,6.50,0.00,0.00,,0.20,0.00,0.00,0.15,0.04,0.00,0.00,0.04,0.00,0.04,0.20,0.18,0.02,0.00,0.00,0.00,0.00,0.00,0.00,0.00,0.00,0.00,0.00,,0.00,0.11,0.00,22.00,25.25,0.03,0.00,22.00,350.00,10.00,4.40,160.00,4,000.00,390.00,41.00,0.10,3.00,0.57,0.00
Cottage cheese,0.32,cheese,92.70,387.70,2.10,4.00,12.00,0.00,80.40,0.00,1.50,0.10,1.70,0.00,0.00,,2.62,0.41,0.12,0.41,1.16,0.46,0.01,0.93,0.04,0.86,0.06,0.06,0.03,0.00,0.00,0.00,0.00,13.00,33.00,34.60,19.00,0.03,0.09,,0.04,0.15,0.00,0.12,2.92,0.03,0.60,12.00,130.00,5.90,0.10,60.00,70.00,6.20,340.00,0.85,4.00,0.40,0.00
Cream cheese,3.55,cheese,276.10,1,155.40,2.40,27.34,6.06,0.00,63.08,0.00,1.14,0.00,2.68,0.01,0.00,,17.96,3.39,0.89,2.55,0.04,6.38,0.45,5.53,1.17,0.61,0.20,0.03,0.02,0.02,0.00,84.90,283.60,285.20,19.00,0.10,0.65,3.70,0.03,0.17,0.00,0.07,1.50,0.04,0.22,15.30,95.40,7.10,0.12,88.00,71.30,7.30,268.00,0.67,2.90,0.65,0.00,,
Crispy fried onions,0.23,vegetables,53.00,221.90,8.23,1.14,1.34,2.12,85.50,0.00,1.71,3.38,1.69,1.69,0.00,,0.14,0.00,0.00,0.00,0.09,0.02,0.01,0.61,0.00,0.59,0.33,0.24,0.09,0.00,0.00,0.00,0.00,0.00,3.00,3.40,4.00,0.04,0.31,,0.04,0.00,5.30,0.16,0.34,0.16,0.00,16.10,38.00,60.20,0.25,36.70,214.70,12.80,475.00,1.19,0.00,0.12,7.90
Croissant,2.7,sweets,364.9,1526.8,36.76,21.46,5.83,1.11,33.22,0,1.57,0.04,6.14,4.34,0,,10.74,0.95,0.55,1.14,6.21,1.34,0.04,6.83,0.17,6.81,2.83,1.96,0.56,0.01,0,0,0,41.05,,192.9,,0.87,2.17,,0.13,0.11,0.7,1.78,2.83,0.09,0.18,14.1,85.5,,0.61,41.2,102.6,14.6,486.7,1.22,2.28,0.53,
Cucumber (imported),1.12,vegetables,13.10,54.80,2.30,0.05,0.81,0.00,96.50,0.00,0.38,1.70,0.00,0.00,0.00,,0.02,0.00,0.00,0.00,0.02,0.00,0.00,0.00,0.00,0.00,0.02,0.01,0.01,0.00,0.00,0.00,0.00,0.00,0.00,10.00,119.00,0.00,0.15,24.40,0.02,0.00,10.10,0.19,0.30,0.05,0.00,10.40,25.00,0.30,0.27,17.00,160.00,10.00,3.00,0.01,0.00,0.17,5.00
Cucumber (Swedish),3.5,vegetables,13.10,54.80,2.30,0.05,0.81,0.00,96.50,0.00,0.38,1.70,0.00,0.00,0.00,,0.02,0.00,0.00,0.00,0.02,0.00,0.00,0.00,0.00,0.00,0.02,0.01,0.01,0.00,0.00,0.00,0.00,0.00,0.00,10.00,119.00,0.00,0.15,24.40,0.02,0.00,10.10,0.19,0.30,0.05,0.00,10.40,25.00,0.30,0.27,17.00,160.00,10.00,3.00,0.01,0.00,0.17,5.00
Cured ham,7.2,meat,245.3,1026.5,1.5,12.38,31.94,0,48.2,0,5.98,0,0,0.05,0,,3.98,0.01,0.01,0.15,2.48,1.25,0.02,5.41,0.34,4.87,2.19,2.01,0.06,0.04,0,0,0,85.2,8,8,2,0.24,0.05,0.6,0.76,0.36,0,8.8,14.7,0.63,0.76,11.1,235.8,3,1.13,14.2,533,30.7,1839.4,4.6,25.29,3.43,0
Curly chicory,0.7,vegetables,14.90,62.40,1.00,0.20,1.20,2.20,94.00,0.00,1.40,0.20,0.70,0.70,0.00,,0.04,0.00,0.00,0.00,0.04,0.00,0.00,0.00,0.00,0.00,0.09,0.08,0.01,0.00,0.00,0.00,0.00,0.00,0.00,102.50,1,230.00,0.00,0.10,,0.08,0.08,7.00,0.40,0.60,0.02,0.00,142.00,28.00,6.40,0.80,52.00,315.00,15.00,22.00,0.06,1.00,0.80,14.00
Dark chocolate,5.6,sweets,572.4,2394.9,50.7,36.98,9.69,0,0.38,0,2.25,0,22.1,22.1,0,,22.47,0,0.04,0.08,9.07,12.74,0.39,11.75,0.09,11.66,1.13,1.06,0.07,0,0,0,0,3.12,20,21.7,16,0,0.66,7.6,0.02,0.08,0,0.88,2.5,0.09,0,22.3,230,2,15.2,54.8,654,174,11.8,0.03,4.6,2.89,
Dried beans,0.7,legumes,318.20,1,331.40,41.90,1.70,25.00,16.40,11.90,0.00,3.10,2.40,1.10,1.10,0.00,,0.23,0.00,0.00,0.00,0.18,0.03,0.01,0.33,0.00,0.33,0.72,0.67,0.05,0.00,0.00,0.00,0.00,0.00,0.00,35.00,420.00,0.00,0.34,,0.50,0.30,0.00,2.50,6.67,0.56,0.00,423.00,390.00,,7.10,102.00,1,530.00,192.00,13.00,0.03,2.20,2.80,0.00
Dried lentils,0.9,legumes,325.40,1,361.50,48.50,1.00,24.00,11.50,12.00,0.00,3.00,0.30,2.10,2.10,0.00,,0.15,0.00,0.00,0.00,0.13,0.01,0.01,0.18,0.00,0.17,0.47,0.38,0.09,0.00,0.00,0.00,0.00,0.00,0.00,5.00,60.00,0.00,0.34,,0.37,0.22,0.00,2.00,6.00,0.60,0.00,433.00,375.00,0.70,6.80,79.00,790.00,80.00,30.00,0.08,11.00,3.10,0.00
Dried peas,0.7,legumes,316.60,1,324.50,49.20,1.00,21.50,10.70,15.00,0.00,2.60,0.30,1.80,1.80,0.00,,0.19,0.00,0.00,0.00,0.17,0.01,0.00,0.07,0.00,0.07,0.54,0.45,0.09,0.00,0.00,0.00,0.00,0.00,0.00,1.20,15.00,0.00,0.09,,0.82,0.18,1.00,2.50,6.08,0.08,0.00,33.00,380.00,45.00,6.00,59.00,1,100.00,120.00,2.00,0.01,2.00,3.80,0.00
Duck,5.87,meat,396,1657,0,39.5,11.5,0,48.3,0,0.7,0,0,0,0,,13.2,0,0.04,3.18,0,18.7,1.55,16.7,5.06,4.69,0.37,0,0,0,0,76,51,51,0,1.4,0.5,,0.2,0.21,3,4,6.11,0.19,0.2,13,139,,1.2,11,210,20,63,0.16,20,1.4,28,,
Egg ,2.12,meat,137.40,575.10,0.40,9.73,12.25,0.00,76.28,0.00,0.84,0.40,0.00,0.00,0.00,,2.59,0.00,0.00,0.03,1.89,0.66,0.00,3.97,0.24,3.68,1.46,1.11,0.09,0.13,0.00,0.00,0.10,340.00,233.00,233.20,0.00,1.43,5.57,30.20,0.08,0.45,0.00,0.00,3.10,0.10,1.47,85.80,184.30,28.60,1.68,52.10,131.60,11.70,142.10,0.36,22.65,1.31,12.00
Emmental cheese,6.9,cheese,386.3,1616.2,1.4,31,26.2,0,37.9,0,3.5,0,0,0,0,,20.33,3.19,0.97,3.19,8.96,3.57,0.06,7.24,0.29,6.68,0.47,0.47,0.21,0,0,0,0,87,259,270.9,143,0.21,0.72,2.9,0.02,0.28,0,0.04,6.16,0.04,1.4,32,490,15,0.11,710,80,29,430,1.08,9.6,3.2,0
Fennel,0.23,vegetables,28.50,119.40,1.80,0.40,2.80,3.30,90.00,0.00,1.70,2.30,0.30,0.30,0.00,,0.07,0.00,0.00,0.00,0.05,0.00,0.00,0.07,0.02,0.00,0.18,0.04,0.13,0.00,0.00,0.00,0.00,0.00,0.00,175.00,2,100.00,0.00,0.20,,0.23,0.11,31.00,0.20,0.67,0.10,0.00,3.30,51.00,,2.70,64.00,396.00,14.00,7.00,0.02,1.00,0.50,7.00
Fish fingers (cod),3.4,fish and seafood,207.30,867.50,19.00,9.06,12.31,0.00,57.90,0.00,1.70,0.20,0.70,0.00,0.00,0.00,0.84,0.00,0.00,0.02,0.53,0.20,0.04,4.11,0.03,3.89,3.22,2.51,0.47,0.02,0.06,0.01,0.13,35.00,17.90,20.10,20.00,0.33,3.91,6.20,0.10,0.07,0.00,1.30,3.60,0.07,1.11,9.40,143.00,55.00,0.38,18.00,145.00,30.00,419.00,1.05,14.30,0.57,0.00
Flour,0.8,grains,78.60,328.80,16.40,0.10,1.74,2.09,78.81,0.00,0.91,0.52,0.32,0.32,0.00,,0.00,0.00,0.00,0.00,0.00,0.00,0.00,0.00,0.00,0.00,0.00,0.00,0.00,0.00,0.00,0.00,0.00,0.00,0.00,0.60,8.00,0.00,0.07,1.20,0.06,0.03,23.60,2.01,2.30,0.21,0.00,19.10,43.10,0.20,0.40,4.40,378.50,21.80,3.10,0.01,0.05,0.22,
Foie gras,7.05,meat,454.10,1,900.00,4.60,44.00,11.40,0.00,37.00,0.00,3.00,0.00,0.00,0.00,0.00,,16.20,0.00,0.00,5.70,0.13,19.20,1.34,17.20,6.46,4.53,0.42,0.59,0.08,0.17,0.29,150.00,3,000.00,3,000.00,0.00,0.60,0.30,,0.09,0.30,0.00,2.50,4.59,0.34,9.40,114.00,182.00,,8.00,22.00,184.00,19.00,880.00,2.20,18.00,2.30,0.00,,
French fries,1.4,root vegetables,243.10,1,017.00,30.60,11.40,3.00,3.00,51.00,0.00,1.00,0.40,0.10,0.10,0.00,,3.38,0.00,0.00,0.03,2.53,0.69,0.04,4.77,0.00,4.73,2.75,2.43,0.33,0.00,0.00,0.00,0.00,0.00,0.00,0.00,0.00,0.00,2.00,,0.00,0.03,4.00,3.30,3.80,0.24,0.00,16.50,93.00,,0.70,19.00,500.00,34.00,4.00,0.01,0.10,0.40,0.00
Garlic,0.23,vegetables,159.70,668.00,31.10,0.50,6.40,1.50,59.00,0.00,1.50,3.00,0.90,0.90,0.00,,0.09,0.00,0.00,0.00,0.09,0.00,0.00,0.01,0.00,0.01,0.25,0.23,0.02,0.00,0.00,0.00,0.00,0.00,0.00,0.00,0.00,0.00,0.01,,0.20,0.11,31.00,0.70,1.77,0.13,0.00,3.00,153.00,2.70,1.70,181.00,400.00,25.00,17.00,0.04,20.00,1.00,13.00
Goat's cheese,9,cheese,345.40,1,445.30,1.40,28.95,20.61,0.00,46.30,0.00,2.75,0.00,0.39,0.05,0.00,,19.97,3.84,1.12,2.71,7.70,3.49,0.09,5.93,0.26,5.44,1.28,0.88,0.20,0.04,0.00,0.00,0.00,97.60,302.00,302.00,2.00,0.15,0.65,3.70,0.05,0.42,0.00,0.66,5.50,0.18,0.19,48.00,263.40,43.00,0.68,168.80,133.80,17.10,685.80,1.71,11.29,0.93,0.00
Grapefruit,1.17,fruits and berries,35.8,149.8,7,0.1,0.7,1.9,90,0,0.3,4.8,1.7,1.7,0,,0.03,0,0,0,0,0.02,0,0.02,0.04,0.03,0.01,0,0,0,0,0,0,0.5,6,0,0.3,,0.04,0.02,39,0.3,0.42,0.04,0,10,8,0.1,0.1,12,148,11,2,0.01,0.2,0.1,51,,
Grapes,1.3,fruits and berries,75.00,313.80,15.70,0.60,0.70,1.60,81.00,0.00,0.40,14.70,0.40,0.30,0.00,,0.20,0.00,0.00,0.01,0.17,0.02,0.00,0.02,0.00,0.02,0.18,0.14,0.04,0.00,0.00,0.00,0.00,0.00,0.00,2.80,33.00,0.00,0.40,,0.09,0.06,11.00,0.30,0.42,0.11,0.00,4.00,13.00,0.40,0.30,11.00,185.00,9.00,2.00,0.01,0.40,0.10,4.00
Green lentils, canned,0.9,legumes,92.30,386.40,13.10,0.60,6.25,4.40,74.50,0.00,1.20,0.01,0.23,0.17,0.00,,0.08,0.00,0.00,0.00,0.06,0.01,0.00,0.12,0.00,0.12,0.27,0.21,0.06,0.00,0.00,0.00,0.00,0.00,0.00,1.00,11.00,0.00,0.31,12.60,0.04,0.03,0.00,0.36,1.40,0.08,0.00,15.60,76.30,3.30,1.36,43.30,126.60,20.80,305.70,0.76,17.50,0.41,
Green peas,0.32,legumes,71.70,300.20,8.80,0.40,5.40,5.50,79.00,0.00,0.90,0.30,3.70,3.70,0.00,,0.08,0.00,0.00,0.00,0.07,0.00,0.00,0.03,0.00,0.03,0.22,0.18,0.04,0.00,0.00,0.00,0.00,0.00,0.00,45.80,550.00,0.00,0.13,,0.41,0.13,40.00,2.10,3.00,0.17,0.00,65.00,130.00,0.20,2.00,31.00,370.00,40.00,1.00,0.00,0.20,1.30,60.00
Haddock (filet),3.8,fish and seafood,298.30,1,248.00,0.00,25.00,17.00,0.00,55.00,0.00,1.00,0.00,0.00,0.00,0.00,,5.30,0.00,0.00,1.60,2.95,0.50,0.04,9.09,0.87,2.92,7.23,0.36,0.34,0.36,1.76,0.34,2.80,48.80,15.00,15.00,0.00,5.40,0.42,0.00,0.10,0.28,0.00,8.30,11.40,0.61,7.40,0.00,194.00,63.00,0.80,15.00,367.00,24.00,43.00,0.11,60.00,0.62,41.00
Ham,7.2,meat,129.6,542.2,0.1,4.5,22,0,70,0,3.4,0,0,0,0,,1.94,0,0,0.08,1.15,0.68,0.01,1.85,0.15,1.63,0.5,0.39,0.02,0.01,0,0.01,0.02,45,2,2,0,0.63,0.3,,0.8,0.2,0,5.1,9.13,0.37,0.8,6,196,,0.7,10,310,15,1130,2.83,6,3,0
Hard Cheese,8.5,cheese,325.20,1,360.80,0.80,23.00,29.19,0.00,43.00,0.00,4.00,0.10,0.10,0.00,0.00,,15.08,2.37,0.72,2.37,6.65,2.65,0.04,5.37,0.22,4.96,0.35,0.35,0.15,0.00,0.00,0.00,0.00,65.00,192.00,200.80,106.00,0.16,0.54,2.20,0.03,0.32,0.00,0.05,6.90,0.05,1.60,36.00,550.00,17.00,0.19,810.00,91.00,33.00,470.00,1.18,10.40,3.50,0.00
Heavy cream fat 40%,2.6,dairy,374.50,1,566.90,3.00,40.00,2.11,0.00,54.40,0.00,0.48,0.00,2.69,0.00,0.00,,25.63,2.91,1.29,4.16,12.44,4.04,0.08,9.98,0.83,8.66,0.95,0.60,0.26,0.04,0.00,0.04,0.00,114.30,344.50,369.30,298.00,0.09,1.02,11.70,0.03,0.09,0.40,0.04,0.50,0.03,0.36,8.90,63.00,7.30,0.04,75.00,100.00,7.00,24.00,0.06,1.29,0.30,0.00
Herring,2.1,fish and seafood,147.50,617.20,0.00,9.00,16.72,0.00,71.20,0.00,1.80,0.00,0.00,0.00,0.00,0.00,1.98,0.00,0.00,0.62,1.12,0.10,0.01,3.66,0.36,0.84,2.34,0.20,0.17,0.09,0.42,0.08,0.92,57.00,6.40,6.40,0.00,5.78,0.71,0.40,0.00,0.21,0.00,4.96,8.00,0.30,8.79,11.00,276.50,41.50,0.62,56.00,334.50,36.50,198.50,0.50,25.25,1.42,30.00
Honey,2.6,sweets,332.40,1,390.60,81.50,0.00,0.30,0.00,18.00,0.00,0.20,71.00,3.70,0.80,0.00,,0.00,0.00,0.00,0.00,0.00,0.00,0.00,0.00,0.00,0.00,0.00,0.00,0.00,0.00,0.00,0.00,0.00,0.00,0.00,0.00,0.00,0.00,0.00,,0.00,0.04,2.00,0.30,0.35,0.02,0.00,0.00,6.00,0.50,0.50,5.00,51.00,3.00,5.00,0.01,0.00,0.60,0.00
Ice cream (dairy based),1.2,dairy,136.70,572.00,4.43,12.00,3.10,0.00,79.80,0.00,0.67,0.05,3.40,0.00,0.00,,7.87,1.24,0.37,1.24,3.47,1.38,0.02,2.80,0.11,2.59,0.26,0.18,0.08,0.00,0.00,0.00,0.00,35.10,100.10,104.70,55.00,0.08,0.28,,0.04,0.13,0.00,0.06,0.78,0.04,0.24,10.10,83.00,,0.05,105.00,147.00,11.00,37.00,0.09,1.70,0.41,0.00
Iceberg lettuce,0.53,vegetables,14.50,60.70,2.50,0.12,0.81,0.00,96.20,0.00,0.35,2.10,0.10,0.10,0.00,,0.02,0.00,0.00,0.00,0.02,0.00,0.00,0.01,0.00,0.00,0.07,0.02,0.05,0.00,0.00,0.00,0.00,0.00,0.00,9.20,108.00,0.00,0.76,44.30,0.03,0.00,5.00,0.22,0.40,0.05,0.00,57.00,23.00,,0.33,25.00,180.00,11.00,3.00,0.01,0.00,0.23,5.00
Instant rice, dry,2.17,grains,364.60,1,525.70,78.50,0.70,8.50,2.60,9.00,0.00,0.70,0.07,0.50,0.50,0.00,0.60,0.12,0.00,0.00,0.00,0.10,0.01,0.00,0.23,0.00,0.22,0.24,0.23,0.01,0.00,0.00,0.00,0.00,0.00,0.00,0.00,0.00,0.00,0.00,,0.25,0.02,0.00,4.00,5.40,0.44,0.00,8.00,165.00,,0.40,73.00,158.00,30.00,2.00,0.01,0.00,0.70,
Jasmine rice, dry,3.1,grains,354.40,1,482.80,78.20,0.70,7.50,0.00,13.00,0.00,0.64,0.14,0.02,0.02,0.00,0.20,0.12,0.00,0.00,0.00,0.10,0.01,0.00,0.23,0.00,0.22,0.24,0.23,0.01,0.00,0.00,0.00,0.00,0.00,0.00,0.00,0.00,0.00,0.00,,0.04,0.05,0.00,0.70,2.00,0.75,0.00,11.00,68.00,,0.00,0.00,56.00,10.00,0.00,0.00,0.00,1.60,
Kale,0.23,vegetables,40.00,167.40,3.20,0.70,3.38,3.70,87.50,0.00,1.50,1.40,0.70,0.70,0.00,,0.00,0.00,0.00,0.00,0.00,0.00,0.00,0.00,0.00,0.00,0.00,0.00,0.00,0.00,0.00,0.00,0.00,0.00,0.00,263.00,3,150.00,0.00,2.12,347.00,0.08,0.15,74.00,1.89,2.50,0.20,0.00,111.00,68.90,0.00,0.86,128.00,378.00,20.10,21.60,0.05,0.00,0.44,38.00
Kiwi,1.2,fruits and berries,55.90,233.90,10.20,0.40,0.90,3.80,84.00,0.00,0.70,8.50,0.70,0.70,0.00,,0.05,0.00,0.00,0.00,0.04,0.01,0.00,0.07,0.00,0.07,0.20,0.17,0.02,0.00,0.00,0.00,0.00,0.00,0.00,3.60,43.00,0.00,0.20,,0.02,0.05,63.00,0.50,0.65,0.06,0.00,42.00,31.00,,0.30,27.00,270.00,30.00,3.00,0.01,1.00,0.10,15.00
Kohlrabi,0.23,root vegetables,29.10,121.80,4.40,0.10,1.70,1.80,91.00,0.00,1.00,2.00,0.90,0.90,0.00,,0.00,0.00,0.00,0.00,0.00,0.00,0.00,0.00,0.00,0.00,0.00,0.00,0.00,0.00,0.00,0.00,0.00,0.00,0.00,2.00,24.00,0.00,0.20,,0.05,0.02,62.00,0.40,0.68,0.15,0.00,20.00,46.00,,0.40,24.00,350.00,19.00,20.00,0.05,0.50,0.30,54.00
Lamb brisket,13.35,meat,133.60,558.80,0.00,5.90,20.13,0.00,73.10,0.00,1.00,0.00,0.00,0.00,0.00,,2.44,0.00,0.02,0.21,1.20,0.77,0.01,2.38,0.12,2.18,0.45,0.28,0.07,0.04,0.02,0.02,0.01,63.20,6.60,6.60,0.00,0.00,0.35,8.00,0.16,0.24,0.00,5.34,9.00,0.21,2.36,1.00,190.00,4.30,1.38,4.90,310.00,23.00,78.00,0.20,7.47,3.67,30.00
Lamb chops,13.35,meat,232.20,971.60,0.00,17.30,19.00,0.00,62.40,0.00,0.80,0.00,0.00,0.00,0.00,,7.89,0.03,0.05,0.73,3.68,2.64,0.03,6.70,0.35,6.12,0.89,0.64,0.17,0.02,0.02,0.03,0.00,69.90,20.20,20.20,0.00,0.00,0.41,14.50,0.17,0.21,0.00,5.93,9.40,0.29,0.88,1.00,170.00,4.60,1.45,12.00,260.00,21.00,72.00,0.18,4.62,2.12,30.00
Lamb heart,13.35,meat,119.00,497.90,0.00,5.60,17.10,0.00,76.30,0.00,1.00,0.00,0.00,0.00,0.00,,2.16,0.00,0.00,0.15,0.87,1.07,0.00,1.66,0.09,1.46,0.53,0.32,0.12,0.09,0.00,0.00,0.00,140.00,7.00,7.00,0.00,0.40,0.37,,0.48,0.90,7.00,6.90,10.04,0.29,8.00,20.00,210.00,1.90,3.60,7.00,280.00,21.00,140.00,0.35,3.00,2.00,22.00
Lamb kidney,13.35,meat,95.90,401.20,0.00,3.40,16.20,0.00,79.10,0.00,1.30,0.00,0.00,0.00,0.00,,1.15,0.00,0.00,0.06,0.51,0.56,0.05,0.80,0.05,0.72,0.50,0.21,0.10,0.18,0.00,0.00,0.00,375.00,107.00,107.50,6.00,0.40,0.45,,0.68,2.40,15.00,7.40,10.37,0.30,63.00,31.00,250.00,,4.30,15.00,250.00,17.00,190.00,0.48,66.00,2.60,3.00
Lamb leg,13.35,meat,111.50,466.50,0.00,2.60,20.88,0.00,74.50,0.00,1.10,0.00,0.00,0.00,0.00,,1.01,0.00,0.01,0.08,0.51,0.32,0.00,1.03,0.05,0.94,0.26,0.15,0.04,0.03,0.01,0.01,0.00,61.90,3.90,3.90,0.00,0.00,0.27,5.30,0.21,0.28,0.00,7.31,11.10,0.34,1.57,1.00,220.00,4.60,2.08,4.30,350.00,27.00,68.00,0.17,9.58,3.51,26.00
Lamb liver,13.35,meat,149.30,624.50,3.20,5.30,22.00,0.00,68.00,0.00,1.50,0.00,0.00,0.00,0.00,,1.83,0.00,0.00,0.04,0.70,0.97,0.02,1.03,0.06,0.94,1.01,0.32,0.16,0.19,0.09,0.18,0.05,300.00,49,000.00,49,014.30,172.00,0.50,0.46,,0.23,2.40,33.00,15.00,19.03,0.42,84.00,2,000.00,435.00,7.00,4.90,5.00,290.00,19.00,76.00,0.19,9.00,4.70,9.00
Lamb saddle,13.35,meat,176.70,739.50,0.00,11.90,17.60,0.00,69.50,0.00,1.00,0.00,0.00,0.00,0.00,,5.95,0.05,0.09,0.75,2.64,1.96,0.17,4.46,0.36,3.96,0.93,0.51,0.11,0.03,0.00,0.00,0.00,78.00,53.00,53.60,7.00,0.40,0.70,,0.18,0.30,0.00,4.30,7.53,0.20,1.20,5.00,173.00,,1.50,18.00,220.00,17.00,66.00,0.17,1.40,3.40,32.00
Lamb sausage,13.35,meat,254.70,1,065.70,4.80,19.30,15.88,0.00,56.90,0.00,3.10,0.40,0.17,0.17,0.00,,8.58,0.01,0.02,0.54,4.39,2.94,0.03,7.97,0.70,6.93,0.88,0.63,0.17,0.03,0.00,0.02,0.00,62.70,118.00,122.10,45.00,0.16,2.94,16.40,0.10,0.17,0.00,3.84,6.80,0.17,1.95,4.90,160.00,4.40,2.38,16.00,230.00,16.00,970.00,2.43,21.71,3.51,22.90
Lamb shank,13.35,meat,136.70,571.90,0.00,4.20,24.50,0.00,70.30,0.00,1.00,0.00,0.00,0.00,0.00,,2.02,0.02,0.03,0.25,0.90,0.67,0.06,1.51,0.12,1.34,0.32,0.17,0.04,0.01,0.00,0.00,0.00,78.00,53.00,53.60,7.00,0.40,0.70,,0.18,0.30,0.00,4.30,8.79,0.20,1.20,2.00,190.00,,1.50,20.00,220.00,17.00,66.00,0.17,1.40,3.40,53.00
Lamb sweetbread,13.35,meat,131.10,548.70,0.00,7.80,15.30,0.00,75.60,0.00,1.30,0.00,0.00,0.00,0.00,,3.82,0.00,0.05,0.36,1.61,1.67,0.00,3.05,0.19,2.76,0.42,0.16,0.16,0.10,0.00,0.00,0.00,250.00,7.00,7.00,0.00,0.40,0.44,,0.03,0.25,18.00,3.70,6.51,0.03,6.00,13.00,400.00,,1.70,8.00,420.00,21.00,75.00,0.19,3.00,1.90,0.00
Lamb tongue,13.35,meat,191.30,800.30,0.00,14.60,15.30,0.00,69.00,0.00,1.10,0.00,0.00,0.00,0.00,,7.30,0.06,0.11,0.92,3.24,2.41,0.21,5.47,0.45,4.86,1.14,0.63,0.14,0.04,0.00,0.00,0.00,180.00,53.00,53.60,7.00,0.40,0.21,,0.17,0.49,7.00,4.90,7.71,0.17,7.00,19.00,170.00,0.00,2.20,6.00,250.00,21.00,97.00,0.24,5.00,2.50,20.00
Lamb's lettuce,0.7,vegetables,19.10,80.10,0.80,0.20,2.63,1.80,93.50,0.00,1.06,0.20,0.00,0.00,0.00,,0.10,0.00,0.00,0.00,0.03,0.00,0.00,0.00,0.00,0.00,0.10,0.05,0.06,0.00,0.00,0.00,0.00,0.00,0.00,246.40,2,920.00,0.00,1.50,377.00,0.03,0.13,35.30,0.70,1.10,0.14,0.00,90.90,30.00,6.40,1.78,71.00,350.00,22.00,3.00,0.01,0.00,0.18,0.00
Leek,0.24,vegetables,29.50,123.40,4.10,0.15,1.56,2.71,90.90,0.00,0.62,3.50,0.50,0.50,0.00,,0.03,0.00,0.00,0.00,0.03,0.00,0.00,0.01,0.00,0.01,0.07,0.05,0.02,0.00,0.00,0.00,0.00,0.00,0.00,27.80,332.00,0.00,0.78,53.50,0.08,0.06,20.30,0.48,0.70,0.21,0.00,72.40,29.00,1.10,0.56,44.00,240.00,11.00,6.00,0.02,0.00,0.24,16.00
Leek (imported),0.7,vegetables,29.50,123.40,4.10,0.15,1.56,2.71,90.90,0.00,0.62,3.50,0.50,0.50,0.00,,0.03,0.00,0.00,0.00,0.03,0.00,0.00,0.01,0.00,0.01,0.07,0.05,0.02,0.00,0.00,0.00,0.00,0.00,0.00,27.80,332.00,0.00,0.78,53.50,0.08,0.06,20.30,0.48,0.70,0.21,0.00,72.40,29.00,1.10,0.56,44.00,240.00,11.00,6.00,0.02,0.00,0.24,16.00
Lemon,1.45,fruits and berries,40.6,169.9,7.3,0.3,1.1,2,89,0,0.3,1.5,0.5,0.5,0,,0.04,0,0,0,0,0.01,0,0.01,0.09,0.06,0.03,0,0,0,0,0,0,0.2,3,0,0.24,,0.04,0.02,53,0.1,0.28,0.08,0,11,16,0.3,0.1,26,138,9,2,0.01,1.8,0.1,47,,
Lobster,5.4,fish and seafood,85.5,357.6,0,1.9,16.9,0,79,0,2.2,0,0,0,0,,0.22,0,0,0.02,0.12,0.06,0,0.36,0.07,0.2,0.7,0.05,0.06,0.01,0.28,0.02,0.13,129,0,0,0,0,1.5,,0.1,0.05,0,1.5,4.6,0.21,0.5,17,183,700,0.6,29,220,29,270,0.68,104,4.6,72
Mackerel (frozen fillets),1,fish and seafood,77.30,323.40,0.00,0.64,17.63,0.00,78.70,0.00,2.20,0.00,0.00,0.00,0.00,0.00,0.09,0.00,0.00,0.01,0.07,0.01,0.00,0.16,0.04,0.09,0.18,0.01,0.00,0.01,0.09,0.00,0.06,147.00,0.00,0.00,0.00,0.00,3.93,0.00,0.04,0.00,0.00,0.99,4.20,0.04,3.52,14.00,147.00,20.00,0.22,21.00,88.00,37.00,630.00,1.58,23.00,1.12,62.00
Mandarin,1.69,fruits and berries,44,184.1,8.9,0.2,0.6,1.9,88,0,0.4,3.1,5.1,5.1,0,,0.02,0,0,0,0,0.04,0,0.03,0.04,0.03,0.01,0,0,0,0,0,0,3.2,38,0,0.24,,0.1,0.02,31,0.2,0.3,0.07,0,20,11,0.1,0.2,14,157,13,1,0,0.2,0.1,25,,
Mango,1.68,fruits and berries,68.9,288.2,15,0.3,0.5,1.7,82,0,0.5,6.4,4.1,4.1,0,,0.07,0,0,0,0,0.11,0.05,0.06,0.06,0.02,0.04,0,0,0,0,0,0,195.8,2350,0,1.8,,0.06,0.06,28,0.6,0.68,0.13,0,36,11,,0.1,10,156,9,2,0.01,1,0,31,,
Margarine,1.5,oils,709.50,2,968.50,0.40,80.00,0.10,0.00,18.00,0.00,1.50,0.00,0.40,0.00,0.00,,36.00,0.30,2.00,1.10,23.40,2.60,0.00,34.00,0.00,33.80,10.00,10.30,4.30,0.00,0.00,0.00,0.00,0.00,,900.00,,7.50,5.00,,0.00,0.00,0.00,0.00,0.02,0.00,0.00,0.00,0.00,,0.00,0.00,0.00,0.00,600.00,1.50,0.00,0.00,0.00
Margarine, low-fat,1.5,oils,348.20,1,457.00,3.00,38.00,0.00,0.00,57.75,0.00,1.25,0.00,0.00,0.00,0.00,,8.00,0.20,0.90,0.30,4.90,1.20,0.00,11.00,0.00,11.90,19.00,14.20,3.70,0.00,0.00,0.00,0.00,0.00,,800.00,,10.00,12.00,,0.00,0.00,0.00,0.00,0.00,0.00,0.00,0.00,0.00,,0.00,0.00,0.00,0.00,500.00,1.25,0.00,0.00,0.00
Mayonnaise,1.95,oils,784.30,3,281.50,0.41,87.81,1.46,0.07,9.13,0.00,0.82,0.04,0.03,0.01,0.00,,9.29,0.00,0.00,0.05,6.58,1.93,0.42,57.50,0.57,55.70,16.97,12.44,4.42,0.03,0.00,0.00,0.02,75.32,53.30,53.70,4.00,0.29,20.50,,0.02,0.05,0.90,0.00,0.34,0.02,0.29,18.80,43.50,,0.35,33.30,21.90,6.50,222.10,0.56,4.76,0.29,0.00
Milk (semi-skimmed),1.2,dairy,47.30,197.80,4.80,1.50,3.57,0.00,89.40,0.00,0.78,0.00,4.86,0.00,0.00,,0.96,0.11,0.05,0.16,0.47,0.15,0.00,0.37,0.03,0.32,0.04,0.02,0.01,0.00,0.00,0.00,0.00,6.10,12.90,13.80,11.00,1.00,0.04,0.40,0.05,0.15,0.60,0.07,0.90,0.05,0.59,14.60,104.00,12.00,0.02,122.00,163.00,11.00,40.00,0.10,1.62,0.43,0.00
Milk (skim),1.2,dairy,38.60,161.30,4.80,0.50,3.60,0.00,90.30,0.00,0.79,0.00,4.91,0.00,0.00,,0.32,0.04,0.02,0.05,0.16,0.05,0.00,0.12,0.01,0.11,0.01,0.01,0.00,0.00,0.00,0.00,0.00,3.30,4.30,4.60,4.00,1.00,0.01,0.10,0.05,0.15,0.60,0.07,0.90,0.05,0.59,14.70,105.00,12.10,0.02,124.00,165.00,11.00,40.00,0.10,1.63,0.44,0.00
Milk (whole),1.2,dairy,70.40,294.50,4.80,4.20,3.38,0.00,86.90,0.00,0.76,0.00,4.73,0.00,0.00,,2.69,0.31,0.13,0.44,1.31,0.42,0.01,1.05,0.09,0.91,0.10,0.06,0.03,0.00,0.00,0.00,0.00,13.70,25.80,27.70,22.00,0.01,0.08,1.20,0.05,0.14,0.60,0.07,0.90,0.04,0.57,14.20,101.00,11.70,0.02,119.00,159.00,11.00,39.00,0.10,1.60,0.43,0.00
Milk chocolate ,6.6,sweets,563.6,2358.3,52.9,35.21,9.19,0,0.75,0,1.93,0,48.5,37.6,0,,21.27,0.52,0.21,0.69,8.81,10.4,0.31,11.11,0.16,10.84,1.26,1.11,0.1,0,0,0,0,28.6,57.6,60.4,32,0.29,0.74,5.8,0.03,0.47,0,0.38,1.9,0.11,0.48,16.3,264,24,2.33,267,509,62.8,92.8,0.23,3.6,1.37,
Minced beef,16,meat,204.50,855.60,0.00,15.00,19.38,0.00,66.40,0.00,0.90,0.00,0.00,0.00,0.00,,6.60,0.00,0.01,0.43,3.53,2.04,0.02,6.86,0.63,5.91,0.65,0.43,0.10,0.04,0.01,0.02,0.00,61.70,10.50,12.80,28.00,0.15,0.67,8.20,0.06,0.15,0.00,4.37,7.90,0.26,1.57,3.30,160.00,2.70,1.94,6.60,280.00,20.00,83.00,0.21,5.26,4.91,0.00
Minced lamb,13.35,meat,216.60,906.00,4.67,15.23,14.95,0.31,61.93,0.00,2.48,0.21,0.84,0.06,1.00,,6.92,0.03,0.04,0.44,3.02,2.77,0.03,5.68,0.27,5.24,0.99,0.70,0.17,0.03,0.02,0.02,0.01,81.01,41.80,42.00,2.00,0.25,1.01,,0.09,0.17,0.20,3.54,6.34,0.09,1.07,10.80,154.60,,1.50,37.20,184.30,19.90,738.00,1.85,8.72,3.02,
Mozzarella,7.28,cheese,255.10,1,067.30,0.00,20.30,18.60,0.00,57.40,0.00,3.28,0.00,0.00,0.00,0.00,,13.75,2.12,0.67,2.17,5.82,2.03,0.03,5.04,0.32,4.16,0.76,0.55,0.14,0.03,0.00,0.01,0.00,58.00,258.00,283.00,152.00,0.20,0.31,,0.03,0.40,0.00,0.10,4.44,0.10,1.70,20.00,267.00,,0.00,362.00,51.00,15.00,395.00,0.99,6.00,2.70,
Muesli,0.8,grains,381.80,1,597.60,69.60,6.51,6.62,7.62,8.26,0.00,1.36,10.20,14.70,14.10,43.00,,4.26,0.50,1.99,0.83,0.73,0.19,0.01,0.90,0.01,0.87,1.03,0.98,0.06,0.00,0.00,0.00,0.00,0.00,0.00,2.00,24.00,0.00,0.47,2.60,0.14,0.05,0.10,1.78,2.90,0.21,0.00,23.50,189.10,0.00,2.35,27.00,329.00,65.90,151.00,0.38,1.40,1.41,0.00
Oatmeal,0.8,grains,65.30,273.10,10.19,1.24,2.35,1.77,83.34,0.00,1.11,0.07,0.16,0.16,18.00,,0.22,0.00,0.00,0.00,0.20,0.01,0.01,0.45,0.00,0.45,0.50,0.47,0.02,0.00,0.00,0.00,0.00,0.00,0.00,0.00,0.00,0.00,0.13,,0.08,0.01,0.00,0.16,0.55,0.02,0.00,5.90,75.70,39.00,0.94,11.10,46.20,23.30,308.50,0.77,0.18,0.57,0.00
Olive oil,1.75,oils,884.30,3,700.00,0.00,100.00,0.00,0.00,0.00,0.00,0.00,0.00,0.00,0.00,0.00,,14.34,0.00,0.00,0.00,11.09,2.68,0.38,72.56,1.15,70.74,8.80,8.13,0.67,0.00,0.00,0.00,0.00,0.00,0.00,1.00,11.00,0.00,17.50,51.70,0.00,0.00,0.00,0.00,0.00,0.00,0.00,0.00,0.00,0.00,0.00,0.00,0.00,0.00,0.00,0.00,0.00,0.00,0.00
Orange,0.92,fruits and berries,49.40,206.60,10.24,0.10,0.80,1.90,86.50,0.00,0.46,5.30,3.60,3.60,0.00,,0.01,0.00,0.00,0.00,0.01,0.01,0.00,0.02,0.00,0.02,0.03,0.02,0.01,0.00,0.00,0.00,0.00,0.00,0.00,3.20,38.00,0.00,0.55,,0.08,0.04,53.00,0.30,0.43,0.06,0.00,30.00,21.00,0.30,0.15,41.00,158.00,10.00,0.70,0.00,0.20,0.10,29.00
Orange juice fresh,0.94,fruits and berries,47.90,200.30,10.60,0.20,0.70,0.10,88.00,0.00,0.40,4.80,0.70,0.70,0.00,,0.02,0.00,0.00,0.00,0.02,0.00,0.00,0.04,0.01,0.03,0.06,0.03,0.01,0.00,0.00,0.00,0.00,0.00,0.00,10.00,120.00,0.00,0.24,,0.09,0.03,50.00,0.40,0.52,0.04,0.00,30.00,17.00,,0.20,11.00,200.00,11.00,1.00,0.00,0.20,0.10,0.00
Orange juice from concentrate,1,fruits and berries,38.70,161.80,8.60,0.10,0.70,0.00,89.90,0.00,0.68,4.20,3.80,3.80,0.00,,0.00,0.00,0.00,0.00,0.00,0.00,0.00,0.00,0.00,0.00,0.00,0.00,0.00,0.00,0.00,0.00,0.00,0.00,0.00,3.50,13.00,0.00,0.19,0.00,0.06,0.00,32.30,0.19,0.30,0.05,0.00,25.00,13.70,0.30,0.08,11.70,119.00,9.00,2.20,0.01,0.00,0.03,0.00
Palm oil,0.3,oils,884.30,3,700.00,0.00,100.00,0.00,0.00,0.00,0.00,0.00,0.00,0.00,0.00,0.00,,47.13,0.00,0.10,0.96,40.53,4.78,0.38,38.53,0.19,38.14,10.04,9.75,0.29,0.00,0.00,0.00,0.00,0.00,0.00,1,642.00,15,430.00,0.00,17.90,16.10,0.00,0.00,0.00,0.00,0.00,0.00,0.00,0.00,0.00,0.00,0.00,0.00,0.00,0.00,0.00,0.00,0.00,0.00,
Parsley,0.3,vegetables,35.00,146.50,4.40,0.30,2.20,2.90,88.00,0.00,2.20,0.80,0.00,0.00,0.00,,0.04,0.00,0.00,0.00,0.03,0.00,0.00,0.01,0.01,0.00,0.20,0.06,0.10,0.00,0.00,0.00,0.00,0.00,0.00,466.70,5,600.00,0.00,2.70,,0.12,0.30,182.00,1.70,2.07,0.20,0.00,183.00,71.00,6.00,3.60,340.00,710.00,25.00,34.00,0.09,0.50,1.50,0.00
Parsnip,0.25,root vegetables,70.60,295.20,12.60,0.60,1.69,3.76,80.40,0.00,0.94,1.30,4.70,4.60,0.00,,0.09,0.00,0.00,0.00,0.09,0.00,0.00,0.03,0.00,0.03,0.36,0.33,0.03,0.00,0.00,0.00,0.00,0.00,0.00,0.20,2.00,0.00,0.74,0.00,0.09,0.06,16.60,2.18,2.50,0.09,0.00,77.90,56.00,0.30,0.39,33.00,400.00,18.00,3.00,0.01,0.00,0.48,27.00
Passionfruit,1.33,fruits and berries,75.6,316.3,7.4,0.7,2.2,15.9,73,0,0.8,3.1,3.1,3.1,0,,0.08,0,0,0.03,0,0.12,0.01,0.11,0.36,0.21,0.15,0,0,0,0,0,0,35,420,0,1.8,,0,0.13,30,1.5,1.87,0.02,0,10,68,,1.6,12,350,29,28,0.07,1,0.1,48,,
Pasta,0.66,grains,359.50,1,504.00,71.90,1.20,12.50,3.10,10.60,0.00,0.70,0.30,0.20,0.20,0.00,,0.13,0.00,0.00,0.00,0.12,0.01,0.00,0.17,0.00,0.16,0.50,0.46,0.05,0.00,0.00,0.00,0.00,0.00,0.00,0.00,0.00,0.00,0.70,,0.09,0.06,0.00,1.70,3.78,0.06,0.00,12.00,162.00,,1.30,27.00,197.00,48.00,2.00,0.01,1.00,1.00,0.00
Peach,1.13,fruits and berries,42.7,178.6,8.6,0.1,0.7,2.1,88,0,0.5,2.7,5.1,5.1,0,,0.01,0,0,0,0,0.03,0,0.03,0.04,0.04,0,0,0,0,0,0,0,7.2,86,0,1.8,,0.02,0.04,8,1,1.12,0.02,0,4.2,12,0.3,0.5,5,197,11,3,0.01,0.4,0.1,24,,
Peanut butter,2.5,oils,615.40,2,575.10,14.30,51.00,22.60,7.60,1.30,0.00,3.20,8.80,6.40,6.40,0.00,,8.50,0.00,0.00,0.00,5.76,1.94,0.00,24.60,0.00,23.86,15.34,15.34,0.00,0.00,0.00,0.00,0.00,0.00,0.00,0.00,0.00,0.00,4.70,,0.15,0.10,0.00,13.50,17.27,0.39,0.00,82.00,375.00,,1.80,33.00,680.00,175.00,470.00,1.18,2.00,2.90,0.00
Peanut oil,3.95,oils,884.30,3,700.00,0.00,100.00,0.00,0.00,0.00,0.00,0.00,0.00,0.00,0.00,0.00,,14.80,0.00,0.00,0.00,8.60,5.45,0.57,39.10,0.00,38.90,41.70,41.30,0.38,0.00,0.00,0.00,0.00,0.00,0.00,0.00,0.00,0.00,1.40,,0.00,0.00,0.00,0.00,0.00,0.00,0.00,0.00,0.00,,0.00,0.00,0.00,0.00,0.00,0.00,0.00,0.00,0.00
Pears (Swedish),0.3,fruits and berries,53.90,225.50,10.95,0.06,0.37,3.86,84.50,0.00,0.26,7.50,1.00,1.00,0.00,,0.01,0.00,0.00,0.00,0.01,0.00,0.00,0.01,0.00,0.01,0.03,0.02,0.01,0.00,0.00,0.00,0.00,0.00,0.00,1.30,16.00,0.00,0.49,,0.01,0.02,5.00,0.10,0.16,0.04,0.00,5.60,10.90,,0.18,11.40,105.90,7.00,0.80,0.00,0.40,0.10,8.00
Pineapple,0.92,fruits and berries,55.00,230.10,11.70,0.40,0.40,1.20,86.00,0.00,0.30,3.70,7.50,7.50,0.00,,0.03,0.00,0.00,0.00,0.02,0.01,0.00,0.04,0.00,0.04,0.13,0.08,0.06,0.00,0.00,0.00,0.00,0.00,0.00,0.80,10.00,0.00,0.10,,0.09,0.04,15.00,0.40,0.47,0.09,0.00,11.00,7.00,1.00,0.20,7.00,113.00,14.00,1.00,0.00,0.60,0.10,48.00
Pollock (frozen fillets),2.6,fish and seafood,80.10,335.00,0.00,0.60,18.40,0.00,79.80,0.00,1.20,0.00,0.00,0.00,0.00,,0.10,0.00,0.00,0.01,0.07,0.01,0.00,0.05,0.01,0.04,0.26,0.00,0.00,0.01,0.07,0.01,0.16,60.00,3.00,3.00,0.00,0.70,0.39,,0.04,0.07,0.00,3.00,6.37,0.18,1.30,10.00,220.00,,0.50,36.00,305.00,24.00,61.00,0.15,20.00,0.30,52.00
Pomegranate,0.92,fruits and berries,55.70,233.10,7.00,0.60,0.70,10.00,81.00,0.00,0.70,9.00,1.00,1.00,0.00,,0.09,0.00,0.00,0.00,0.07,0.01,0.01,0.23,0.00,0.23,0.13,0.11,0.02,0.00,0.00,0.00,0.00,0.00,0.00,3.30,40.00,0.00,0.92,,0.03,0.03,6.00,0.30,0.42,0.10,0.00,10.00,8.00,,0.30,3.00,260.00,3.00,3.00,0.01,1.00,0.20,44.00
Pork,4.5,meat,154.70,647.10,0.00,8.67,19.19,0.00,71.05,0.00,1.09,0.00,0.00,0.00,0.00,,3.71,0.01,0.01,0.15,2.21,1.29,0.02,3.58,0.29,3.17,0.95,0.74,0.04,0.02,0.01,0.02,0.03,57.00,9.00,9.00,0.00,0.56,0.40,,0.79,0.28,0.00,6.68,10.20,0.48,0.67,3.60,178.40,,1.26,8.60,337.80,24.60,61.00,0.15,9.99,2.42,17.20
Potato croquettes frozen,0.01,root vegetables,189.40,792.50,25.50,8.00,3.00,1.50,60.40,0.00,1.60,0.40,0.40,0.20,0.00,,1.40,0.00,0.01,0.04,0.88,0.44,0.05,5.18,0.02,4.98,1.07,0.53,0.03,0.00,0.00,0.00,0.00,44.00,1.00,1.00,0.00,0.00,0.10,,0.15,0.10,5.00,1.70,2.20,0.19,0.00,7.00,91.00,,0.90,49.00,250.00,18.00,300.00,0.75,0.10,0.30,0.00
Potato patties,0.01,root vegetables,165.60,692.90,22.52,6.04,3.96,2.45,63.16,0.00,1.84,0.45,0.37,0.27,1.00,,0.82,0.01,0.00,0.02,0.55,0.19,0.03,3.16,0.04,3.04,1.44,1.04,0.36,0.02,0.00,0.00,0.01,41.70,41.20,42.40,14.00,0.33,1.97,,0.07,0.07,10.40,2.00,2.77,0.20,0.17,24.30,78.60,,0.68,14.20,359.40,24.60,394.40,0.99,2.88,0.45,
Potatoes (imported),0.6,root vegetables,83.40,348.80,17.50,0.10,1.81,2.10,77.59,0.00,0.94,0.46,0.34,0.34,0.00,,0.00,0.00,0.00,0.00,0.00,0.00,0.00,0.00,0.00,0.00,0.00,0.00,0.00,0.00,0.00,0.00,0.00,0.00,0.00,0.60,8.00,0.00,0.13,1.50,0.05,0.03,17.40,1.77,2.10,0.19,0.00,20.10,42.10,7.40,0.38,4.00,322.40,19.20,80.10,0.20,0.00,0.20,
Potatoes (Swedish),0.08,root vegetables,78.60,328.80,16.40,0.10,1.74,2.09,78.81,0.00,0.91,0.52,0.32,0.32,0.00,,0.00,0.00,0.00,0.00,0.00,0.00,0.00,0.00,0.00,0.00,0.00,0.00,0.00,0.00,0.00,0.00,0.00,0.00,0.00,0.60,8.00,0.00,0.07,1.20,0.06,0.03,23.60,2.01,2.30,0.21,0.00,19.10,43.10,0.20,0.40,4.40,378.50,21.80,3.10,0.01,0.05,0.22,
Processed cheese,9.88,cheese,253.00,1,058.60,0.10,20.80,16.90,0.00,57.30,0.00,4.90,0.00,0.20,0.00,0.00,,13.48,1.77,0.67,2.18,5.96,2.32,0.04,5.36,0.31,4.69,0.53,0.40,0.12,0.02,0.00,0.00,0.00,55.00,161.00,167.20,75.00,0.14,0.50,,0.09,0.43,0.00,0.10,4.04,0.25,0.40,7.00,800.00,,0.20,630.00,100.00,26.00,1,000.00,2.50,1.00,2.60,0.00
Quinoa,2.1,grains,140.00,585.80,21.70,2.40,4.38,6.70,63.50,0.00,1.30,0.03,0.74,0.74,0.00,,0.22,0.00,0.00,0.00,0.17,0.01,0.01,0.64,0.00,0.57,1.04,0.89,0.14,0.00,0.00,0.00,0.00,0.00,0.00,0.20,3.00,0.00,1.09,0.70,0.10,0.07,0.00,0.36,1.10,0.13,0.00,86.50,171.80,39.00,1.60,13.70,208.60,82.60,277.30,0.69,2.70,1.09,
Quorn fillets,3.7,meat,103.70,434.00,5.00,2.10,13.70,4.80,73.00,0.00,1.40,0.80,0.00,0.00,0.00,,0.60,0.00,0.00,0.01,0.39,0.15,0.00,0.70,0.02,0.41,1.90,0.99,0.37,0.00,0.00,0.00,0.00,0.00,0.00,0.00,0.00,0.00,0.00,,1.20,0.30,0.00,0.40,2.68,0.08,0.30,21.00,190.00,,0.50,28.80,128.00,36.50,330.00,0.83,0.00,8.00,0.00
Rabbit,4.9,meat,124.80,522.00,0.00,4.00,22.00,0.00,73.00,0.00,1.00,0.00,0.00,0.00,0.00,,1.61,0.00,0.00,0.33,0.00,0.78,0.08,0.68,1.26,0.76,0.36,0.07,0.00,0.05,0.00,71.00,10.00,10.00,0.00,0.40,0.40,,0.12,0.14,0.00,10.00,14.03,0.60,10.00,5.00,210.00,0.00,1.80,13.00,310.00,23.00,56.00,0.14,10.00,1.70,38.00,,
Radish,0.23,vegetables,15.30,64.10,2.20,0.10,0.60,1.60,95.00,0.00,0.50,1.60,0.00,0.00,0.00,,0.03,0.00,0.00,0.00,0.02,0.00,0.00,0.01,0.00,0.01,0.04,0.01,0.03,0.00,0.00,0.00,0.00,0.00,0.00,1.20,15.00,0.00,0.10,,0.02,0.04,33.00,0.20,0.30,0.06,0.00,27.00,36.00,1.00,0.80,41.00,280.00,10.00,21.00,0.05,0.10,0.50,5.00
Rapeseed oil,0.8,oils,884.30,3,700.00,0.00,100.00,0.00,0.00,0.00,0.00,0.00,0.00,0.00,0.00,0.00,,7.07,0.00,0.00,0.10,4.30,1.63,0.57,61.28,0.19,59.27,27.40,18.83,8.47,0.00,0.00,0.00,0.00,0.00,0.00,0.00,0.00,0.00,26.10,128.00,0.00,0.00,0.00,0.00,0.00,0.00,0.00,0.00,0.00,0.00,0.00,0.00,0.00,0.00,0.00,0.00,0.00,0.00,0.00
Raspberries,0.93,fruits and berries,33.9,141.9,4.1,0.6,1.2,3.7,90,0,0.4,3.8,0.3,0.3,0,,0.05,0,0,0.01,0,0.05,0,0.05,0.38,0.21,0.18,0,0,0,0,0,0,0.8,3,0,1.4,10.7,0.03,0.05,27,0.5,0.7,0.09,0,45.9,28,0.4,1.1,27,150,25,1,0,0,0.3,0,,
Raw sausage,8,meat,208.70,873.20,21.75,12.00,3.50,0.00,61.96,0.00,0.79,0.80,15.00,9.40,0.00,,7.71,0.58,0.43,1.29,3.75,1.35,0.02,2.99,0.20,2.63,0.44,0.29,0.05,0.02,0.00,0.00,0.00,43.00,111.00,114.80,46.00,0.09,0.30,,0.05,0.17,0.00,0.10,0.92,0.09,0.50,2.00,116.50,15.00,0.10,105.00,165.50,14.00,51.50,0.13,0.20,0.50,0.00
Red cabbage,0.23,vegetables,31.40,131.30,4.70,0.30,1.13,2.64,90.50,0.00,0.70,4.30,0.70,0.70,0.00,,0.06,0.00,0.00,0.00,0.05,0.00,0.00,0.02,0.01,0.01,0.17,0.11,0.05,0.00,0.00,0.00,0.00,0.00,0.00,0.20,2.00,0.00,0.00,18.00,0.06,0.00,58.90,0.39,0.60,0.17,0.00,45.90,25.00,1.40,0.28,33.00,260.00,11.00,8.00,0.02,0.00,0.16,20.00
Red lentils, canned,0.9,legumes,88.60,370.60,11.90,0.50,6.88,4.10,75.70,0.00,0.90,0.01,0.21,0.16,0.00,,0.07,0.00,0.00,0.00,0.05,0.01,0.00,0.10,0.00,0.10,0.22,0.18,0.04,0.00,0.00,0.00,0.00,0.00,0.00,0.80,10.00,0.00,0.34,14.90,0.04,0.03,0.00,0.35,1.50,0.09,0.00,21.30,71.20,2.30,1.59,24.80,119.00,17.60,230.20,0.58,20.50,0.40,
Red onion,0.18,vegetables,46.10,192.80,9.00,0.10,1.19,1.98,87.20,0.00,0.50,2.90,1.60,1.60,0.00,,0.03,0.00,0.00,0.00,0.03,0.00,0.00,0.01,0.00,0.01,0.04,0.04,0.01,0.00,0.00,0.00,0.00,0.00,0.00,0.00,0.00,0.00,0.05,0.00,0.04,0.00,9.20,0.16,0.40,0.17,0.00,27.90,34.00,0.90,0.20,26.00,200.00,11.00,3.00,0.01,0.00,0.15,7.00
Risotto rice, dry,3.1,grains,358.30,1,499.20,78.10,1.28,6.74,1.20,11.69,0.00,0.99,0.62,0.36,0.36,0.00,,0.23,0.00,0.00,0.00,0.19,0.02,0.01,0.42,0.00,0.41,0.44,0.42,0.02,0.00,0.00,0.00,0.00,0.00,0.00,0.00,0.00,0.00,0.03,0.30,0.21,0.04,0.00,7.39,8.50,0.63,0.00,24.70,188.00,1.00,0.30,4.60,192.00,50.40,1.00,0.00,2.70,1.14,
Romaine lettuce,0.7,vegetables,16.40,68.80,0.90,0.20,1.88,1.77,94.50,0.00,0.73,1.20,0.10,0.10,0.00,,0.03,0.00,0.00,0.00,0.00,0.00,0.00,0.01,0.00,0.00,0.11,0.00,0.08,0.00,0.00,0.00,0.00,0.00,0.00,90.80,1,090.00,0.00,0.27,129.00,0.03,0.06,6.00,0.45,0.80,0.08,0.00,88.80,28.00,1.00,0.54,46.00,300.00,17.00,7.00,0.02,0.00,0.31,
Salmon,6.45,fish and seafood,180.90,756.80,0.00,12.00,18.40,0.00,68.00,0.00,1.60,0.00,0.00,0.00,0.00,,2.55,0.00,0.00,0.35,1.72,0.36,0.00,4.97,1.00,3.63,3.28,0.41,0.18,0.11,0.49,0.25,1.33,70.00,30.00,30.00,0.00,12.50,1.30,,0.23,0.10,0.00,6.00,9.37,0.98,6.20,26.00,200.00,40.00,0.80,20.00,330.00,24.00,57.00,0.14,26.00,0.40,35.00
Sauerkraut (canned) ,0.23,vegetables,16.80,70.30,2.00,0.20,0.90,1.70,93.00,0.00,2.20,0.00,0.10,0.10,0.00,,0.04,0.00,0.00,0.00,0.04,0.00,0.00,0.00,0.00,0.00,0.11,0.03,0.08,0.00,0.00,0.00,0.00,0.00,0.00,1.00,12.00,0.00,0.00,,0.02,0.02,15.00,0.10,0.25,0.10,0.00,40.00,28.00,0.70,1.10,42.00,260.00,13.00,320.00,0.80,0.00,0.30,0.00
Savoy cabbage,0.23,vegetables,28.40,118.90,3.60,0.10,2.00,2.50,91.00,0.00,0.80,3.10,0.10,0.10,0.00,,0.01,0.00,0.00,0.00,0.01,0.00,0.00,0.01,0.00,0.01,0.05,0.02,0.03,0.00,0.00,0.00,0.00,0.00,0.00,50.00,600.00,0.00,0.60,,0.07,0.03,31.00,0.30,0.63,0.19,0.00,79.00,42.00,,0.40,35.00,230.00,28.00,28.00,0.07,3.80,0.50,20.00
Semi-hard cheese,9.86,cheese,386.30,1,616.20,1.40,31.00,26.20,0.00,37.90,0.00,3.50,0.00,0.00,0.00,0.00,,20.33,3.19,0.97,3.19,8.96,3.57,0.06,7.24,0.29,6.68,0.47,0.47,0.21,0.00,0.00,0.00,0.00,87.00,259.00,270.90,143.00,0.21,0.72,2.90,0.02,0.28,0.00,0.04,6.16,0.04,1.40,32.00,490.00,15.00,0.11,710.00,80.00,29.00,430.00,1.08,9.60,3.20,0.00
Semolina,2.1,grains,350.8,1467.9,72.1,1.3,10.1,2.8,13.3,0,0.4,0,0.4,0.2,0,,0.14,0,0,0.01,0,0.18,0,0.17,0.54,0.49,0.05,0,0,0,0,0,0,0,0,0,0.1,,0.11,0.04,0,0.7,2.38,0.07,0,21,90,,2,25,90,19,1,0,1,0.6,0,,
Shrimp,3,fish and seafood,269.60,1,128.10,4.70,18.31,21.81,0.00,51.51,0.00,3.65,0.00,0.00,0.05,0.00,,6.37,0.01,0.02,0.23,3.85,2.17,0.04,8.66,0.43,7.94,2.17,1.80,0.19,0.05,0.00,0.00,0.00,60.60,13.40,13.40,2.00,0.36,0.05,0.40,0.83,0.24,73.90,6.04,10.00,0.47,0.70,12.00,189.40,2.00,1.13,11.00,367.80,24.10,1,079.00,2.70,14.32,3.43,0.00
Soda,1.8,sweets,42.70,178.50,10.50,0.00,0.00,0.00,89.50,0.00,0.02,3.60,6.90,6.90,0.00,,0.00,0.00,0.00,0.00,0.00,0.00,0.00,0.00,0.00,0.00,0.00,0.00,0.00,0.00,0.00,0.00,0.00,0.00,0.00,0.00,0.00,0.00,0.00,0.00,0.00,0.00,0.00,0.00,0.00,0.00,0.00,0.00,0.00,0.00,0.00,1.90,0.40,0.30,1.70,0.00,0.00,0.00,0.00
Sour cream (light),6.8,dairy,136.70,572.00,4.43,12.00,3.10,0.00,79.80,0.00,0.67,0.05,3.40,0.00,0.00,,7.87,1.24,0.37,1.24,3.47,1.38,0.02,2.80,0.11,2.59,0.26,0.18,0.08,0.00,0.00,0.00,0.00,35.10,100.10,104.70,55.00,0.08,0.28,,0.04,0.13,0.00,0.06,0.78,0.04,0.24,10.10,83.00,,0.05,105.00,147.00,11.00,37.00,0.09,1.70,0.41,0.00
Soy milk,2.9,dairy,36.70,153.60,3.20,1.50,2.57,0.00,92.00,0.00,0.71,0.00,2.40,2.40,0.00,,0.15,0.00,0.00,0.00,0.10,0.04,0.00,0.26,0.00,0.26,0.61,0.54,0.08,0.00,0.00,0.00,0.00,0.00,0.00,0.00,0.00,0.00,0.16,3.50,0.03,0.17,0.00,0.12,0.60,0.03,0.00,16.10,89.70,0.00,0.37,19.00,135.00,14.40,37.00,0.09,0.00,0.26,0.00
Soy protein mince,0.72,meat,168.40,704.70,5.50,6.81,17.65,7.40,59.72,0.00,2.94,0.00,0.00,0.05,0.00,,0.73,0.02,0.00,0.00,0.42,0.22,0.02,1.38,0.01,1.35,3.32,3.26,0.07,0.00,0.00,0.00,0.00,0.00,0.00,0.00,0.00,0.00,3.18,2.40,0.51,0.27,0.00,1.79,4.70,0.35,0.00,138.00,291.00,2.00,3.56,103.00,244.00,125.00,271.00,0.68,6.60,1.94,
Soy sausage,0.72,meat,225.80,944.90,0.80,15.97,16.40,7.70,56.52,0.00,2.60,0.88,0.76,0.05,0.00,,1.55,0.00,0.00,0.01,0.92,0.47,0.04,3.46,0.01,3.40,7.75,7.57,0.18,0.00,0.00,0.00,0.00,0.00,20.00,23.90,34.00,0.00,8.74,5.10,0.04,0.20,20.30,0.84,3.60,0.08,0.00,48.50,87.60,3.00,1.22,47.00,207.00,28.00,692.00,1.73,14.40,0.71,
Soybean oil,1.57,oils,884.30,3,700.00,0.00,100.00,0.00,0.00,0.00,0.00,0.00,0.00,0.00,0.00,0.00,,14.90,0.00,0.00,0.00,10.10,4.11,0.29,22.30,0.00,22.00,58.40,51.10,7.36,0.00,0.00,0.00,0.00,0.00,0.00,0.00,0.00,0.00,12.00,,0.00,0.00,0.00,0.00,0.00,0.00,0.00,0.00,0.20,,0.00,0.00,0.00,0.00,0.00,0.00,0.00,0.00,0.00
Soybean patties,0.72,meat,178.30,746.10,15.38,9.01,7.29,3.42,61.97,0.00,2.89,1.07,0.65,0.63,0.00,,1.17,0.01,0.01,0.02,0.77,0.29,0.04,4.16,0.05,4.02,3.05,2.41,0.61,0.01,0.00,0.00,0.01,38.48,41.60,43.40,21.00,0.36,2.14,,0.12,0.09,4.90,1.07,2.40,0.21,0.16,30.80,124.30,,1.61,47.10,415.90,50.90,695.60,1.74,3.01,0.80,
Spinach,0.7,vegetables,17.50,73.10,0.70,0.50,1.90,1.30,94.00,0.00,1.60,0.20,0.10,0.10,0.00,,0.06,0.00,0.00,0.00,0.05,0.00,0.00,0.03,0.01,0.02,0.29,0.05,0.21,0.00,0.00,0.00,0.00,0.00,0.00,275.00,3,300.00,0.00,2.90,,0.10,0.28,46.00,0.90,1.22,0.20,0.00,194.00,30.00,1.00,2.00,93.00,560.00,79.00,6.00,0.02,0.50,0.90,5.00
Stir-fry Asian vegetable mix ,0.7,vegetables,48.70,203.70,5.70,1.30,1.43,4.30,86.00,0.00,1.30,2.08,2.30,2.30,0.00,,0.14,0.00,0.00,0.00,0.09,0.02,0.01,0.67,0.00,0.65,0.43,0.03,0.10,0.00,0.00,0.00,0.00,2.00,0.00,256.90,2,600.00,0.00,1.30,20.60,0.06,0.06,9.70,0.48,0.70,0.15,0.06,42.40,37.00,2.00,0.64,44.00,226.00,16.00,220.00,0.55,5.00,0.35,0.00
Strawberries,0.43,fruits and berries,41.20,172.40,8.29,0.21,0.49,1.90,88.73,0.00,0.37,7.30,0.60,0.60,0.00,,0.04,0.00,0.00,0.00,0.04,0.01,0.00,0.02,0.00,0.02,0.11,0.07,0.04,0.00,0.00,0.00,0.00,0.00,0.00,0.80,10.00,0.00,0.55,5.00,0.01,0.02,60.80,0.44,0.50,0.07,0.00,85.70,20.00,0.60,0.34,18.10,129.50,11.00,1.00,0.00,0.00,0.20,3.00
Strawberry jam,4.4,sweets,171,715.4,41.1,0.1,0.25,1.1,57.3,0,0.19,15.8,22.6,22.6,0,,0,0,0,0,0,0,0,0,0,0,0,0,0,0,0,0,0,0,0,0.2,2,0,0.17,1.3,0,0.07,3.3,0.13,0.2,0.01,0,17.5,8.1,30.8,0.29,9.5,57.7,4.3,11.3,0.03,0,0.05,0
Sugar,1.2,sweets,341.30,1,428.10,64.70,3.00,9.20,7.60,14.00,0.00,1.50,0.40,0.50,0.50,100.00,,0.53,0.00,0.00,0.01,0.51,0.02,0.00,0.26,0.00,0.25,1.37,1.24,0.13,0.00,0.00,0.00,0.00,0.00,0.00,0.00,0.00,0.00,0.25,,0.33,0.11,0.00,5.70,7.23,0.33,0.00,20.00,250.00,0.50,3.50,27.00,350.00,89.00,2.00,0.01,1.00,2.40,0.00
Summer squash,0.7,vegetables,14.50,60.60,2.50,0.10,0.00,1.80,95.00,0.00,0.58,2.90,0.10,0.10,0.00,,0.00,0.00,0.00,0.00,0.00,0.00,0.00,0.00,0.00,0.00,0.00,0.00,0.00,0.00,0.00,0.00,0.00,0.00,0.00,15.10,177.00,0.00,0.55,26.60,0.03,0.04,23.90,0.45,0.50,0.09,0.00,30.40,28.10,0.00,0.28,19.80,148.00,17.10,0.00,0.00,0.00,0.41,5.00
Sundried tomato,0.82,vegetables,167.10,699.10,23.30,1.50,9.38,11.00,37.00,0.00,17.80,22.90,0.10,0.00,0.00,,0.13,0.00,0.00,0.00,0.08,0.03,0.01,0.49,0.00,0.48,0.58,0.53,0.04,0.00,0.00,0.00,0.00,1.00,0.00,43.90,527.00,0.00,7.00,12.30,0.05,0.09,0.00,4.37,5.90,1.39,0.00,30.70,200.00,0.10,4.29,91.00,2,300.00,110.00,4,300.00,10.75,0.00,1.24,0.00
Sunflower oil,1.57,oils,884.30,3,700.00,0.00,100.00,0.00,0.00,0.00,0.00,0.00,0.00,0.00,0.00,0.00,,10.42,0.00,0.00,0.10,5.83,3.25,0.29,28.87,0.10,28.58,56.31,56.21,0.10,0.00,0.00,0.00,0.00,0.00,0.00,0.00,0.00,0.00,60.50,4.20,0.00,0.00,0.00,0.00,0.00,0.00,0.00,0.00,0.00,0.00,0.00,0.00,0.00,0.00,0.00,0.00,0.00,0.00,0.00
Swede,0.24,root vegetables,36.60,153.10,6.10,0.06,1.37,3.00,88.80,0.00,0.62,6.40,0.40,0.40,0.00,,0.01,0.00,0.00,0.00,0.01,0.00,0.00,0.01,0.00,0.01,0.03,0.01,0.02,0.00,0.00,0.00,0.00,0.00,0.00,1.20,14.00,0.00,0.00,3.70,0.05,0.03,57.10,1.48,1.70,0.22,0.00,50.80,30.40,0.00,0.23,41.80,166.00,9.10,7.70,0.02,0.00,0.15,13.00
Sweet pepper green,0.7,vegetables,18.50,77.50,3.00,0.06,0.50,2.00,94.10,0.00,0.35,2.90,0.10,0.10,0.00,,0.00,0.00,0.00,0.00,0.00,0.00,0.00,0.00,0.00,0.00,0.00,0.00,0.00,0.00,0.00,0.00,0.00,0.00,0.00,13.70,161.00,0.00,0.65,11.80,0.02,0.00,109.00,0.68,0.80,0.19,0.00,19.50,15.20,0.00,0.29,9.70,110.00,8.20,0.00,0.00,0.00,0.14,15.00
Sweet pepper red,0.7,vegetables,22.40,93.90,4.10,0.23,0.50,0.90,93.40,0.00,0.89,4.80,0.10,0.10,0.00,,0.00,0.00,0.00,0.00,0.00,0.00,0.00,0.00,0.00,0.00,0.00,0.00,0.00,0.00,0.00,0.00,0.00,0.00,0.00,39.90,417.00,0.00,2.55,6.50,0.02,0.05,144.00,0.79,0.90,0.24,0.00,56.70,14.90,0.00,0.28,7.70,116.00,7.60,0.00,0.00,0.00,0.16,15.00
Sweet pepper yellow,0.7,vegetables,23.50,98.40,4.30,0.15,0.50,1.40,93.20,0.00,0.47,4.80,0.20,0.20,0.00,,0.00,0.00,0.00,0.00,0.00,0.00,0.00,0.00,0.00,0.00,0.00,0.00,0.00,0.00,0.00,0.00,0.00,0.00,0.00,16.80,133.00,0.00,2.13,5.00,0.03,0.00,163.00,0.81,0.90,0.22,0.00,41.20,16.10,0.00,0.30,7.40,123.00,8.00,0.00,0.00,0.00,0.13,15.00
Sweet potatoes,0.49,root vegetables,88.70,371.20,18.10,0.10,2.23,2.73,75.81,0.00,1.02,0.17,0.23,0.23,0.00,,0.00,0.00,0.00,0.00,0.00,0.00,0.00,0.00,0.00,0.00,0.00,0.00,0.00,0.00,0.00,0.00,0.00,0.00,0.00,0.80,9.00,0.00,0.05,1.80,0.05,0.03,24.50,2.30,2.40,0.22,0.00,29.50,45.00,0.00,0.44,5.80,436.80,27.60,2.80,0.01,0.65,0.33,
Swiss chard,0.7,vegetables,21.20,88.60,2.60,0.20,1.80,0.80,93.00,0.00,1.60,0.20,0.10,0.10,0.00,,0.03,0.00,0.00,0.00,0.02,0.00,0.00,0.01,0.00,0.01,0.12,0.02,0.09,0.00,0.00,0.00,0.00,0.00,0.00,165.00,1,980.00,0.00,1.50,,0.04,0.09,30.00,0.40,0.70,0.20,0.00,30.00,46.00,,1.80,51.00,380.00,81.00,215.00,0.54,0.50,0.60,8.00
Tea, unbrewed,6.8,sweets,309.2,1293.9,61.8,0.4,11.7,3.7,5.3,0,17.1,0,0,0,0,,0.05,0,0,0,0.04,0.01,0,0.02,0,0.01,0.12,0.04,0.08,0,0,0,0,0,0,0,0,0,0,,0.05,0.69,0,12.6,14.55,0.73,0,10.3,442,,4,55,6596,363,130,0.33,0,3.2,0
Tofu cheese,2,cheese,73.60,308.00,0.00,4.20,7.80,2.50,84.70,0.00,0.80,0.40,0.80,0.80,0.00,,0.58,0.00,0.00,0.01,0.39,0.16,0.01,1.00,0.01,0.99,2.35,2.05,0.29,0.00,0.00,0.00,0.00,0.00,0.00,0.00,0.00,0.00,1.00,,0.06,0.03,0.00,0.10,1.40,0.50,0.00,130.00,126.00,,1.90,128.00,42.00,111.00,7.00,0.02,1.00,1.60,0.00
Tomato,1.47,vegetables,17.50,73.10,2.60,0.13,0.81,1.30,94.70,0.00,0.46,2.85,0.00,0.00,0.00,,0.02,0.00,0.00,0.00,0.02,0.00,0.00,0.02,0.00,0.01,0.06,0.06,0.01,0.00,0.00,0.00,0.00,0.00,0.00,43.20,518.00,0.00,0.74,3.40,0.03,0.00,14.80,0.58,0.70,0.10,0.00,16.60,22.50,0.20,0.19,12.50,240.00,9.00,2.00,0.01,0.00,0.09,0.00
Tomato paste (canned),0.82,vegetables,89.00,372.40,13.70,0.90,3.80,5.20,74.00,0.00,2.40,10.00,0.80,0.80,0.00,,0.17,0.00,0.00,0.00,0.14,0.02,0.00,0.10,0.00,0.10,0.45,0.39,0.04,0.00,0.00,0.00,0.00,0.00,0.00,123.30,1,480.00,0.00,2.30,,0.16,0.19,42.00,3.20,3.83,0.38,0.00,10.00,79.00,,3.00,35.00,930.00,51.00,65.00,0.16,0.40,0.80,0.00
