Food,CO2 footprint,Category,Energy (kcal),Energy (kJ),Carbohydrate (g),Fat (g),Protein (g),Fibre (g),Water (g),Alcohol (g),Ash (g),Monosaccharides (g),Disaccharides (g),Sucrose (g),Wholegrain total (g),Sugar total (g),Sum of saturated fatty acids (g),Fatty acids 4:0-10:0 (g),Fatty acid 12:0 (g),Fatty acid 14:0 (g),Fatty acid 16:0 (g),Fatty acid 18:0 (g),Fatty acid 20:0 (g),Sum of monounsaturated fatty acids (g),Fatty acid 16:1 (g),Fatty acid 18:1 (g),Sum of polyunsaturated fatty acids (g),Fatty acids 18:2 (g),Fatty acid 18:3 (g),Fatty acid 20:4 (g),EPA (Fatty acid 20:5) (g),DPA (Fatty acid 22:5) (g),DHA (Fatty acid 22:6) (g),Cholesterol (mg),Retinol (µg),Retinolequivalents (µg),Beta-carotene (µg),Vitamin D (µg),Vitamin E (mg),Vitamin K (µg),Thiamin (mg),Riboflavin (mg),Vitamin C (mg),Niacin (mg),Niacinequivalents (mg),Vitamin B-6 (mg),Vitamin B-12 (µg),Folate (µg),Phosphorus (mg),Iodide (µg),Iron (mg),Calcium (mg),Potassium (mg),Magnesium (mg),Sodium (mg),Salt (g),Selenium (µg),Zinc (mg),Waste (e.g. peel) (%)
Almond milk,1.6,dairy,26.1,109.2,3.5,1.3,0,0.2,94.5,0,0.55,0,3.1,3.1,0,,0.12,0,0,0.01,0.08,0.02,0,0.81,0,0.8,0.26,0.25,0.01,0,0,0,0,0,0,0,0,0,0,0,0,0,0,0.09,0.1,0,0,0.4,67,,0.05,133,16.5,6.4,49.4,0.12,0,0.04,
Apple,0.18,fruits and berries,47.9,200.3,10.58,0.05,0,2.32,86.88,0,0.23,6.54,3.38,3.38,0,0,0,0,0,0,0,0,0,0,0,0,0,0,0,0,0,0,0,0,0,2,22,0,0.32,2.7,0.01,0,4.8,0.12,0.12,0.04,0,2.9,6.8,0,0.88,3,61.6,3.6,0,0,0,0.03,8
Apples (non-European),1.3,fruits and berries,47.9,200.3,10.58,0.05,0,2.32,86.88,0,0.23,6.54,3.38,3.38,0,0,0,0,0,0,0,0,0,0,0,0,0,0,0,0,0,0,0,0,0,2,22,0,0.32,2.7,0.01,0,4.8,0.12,0.12,0.04,0,2.9,6.8,0,0.88,3,61.6,3.6,0,0,0,0.03,8
Arugula salad,0.7,vegetables,27.6,115.4,1.99,0.66,2.58,1.66,91.71,0,1.4,0.2,0.7,0.7,0,,0.09,0,0,0,0.07,0,0,0.05,0,0.05,0.32,0.13,0.17,0,0,0,0,0,0,118,1424,0,0.43,,0.04,0.09,15,0.3,0.74,0.07,0,97,52,,1.46,160,369,47,27,0.07,0.3,0.47,
Asparagus,0.23,vegetables,27,112.9,2.4,0.2,3.1,1.5,92,0,0.8,1,0.2,0.2,0,,0.05,0,0,0,0.04,0,0,0,0,0,0.11,0.1,0.01,0,0,0,0,0,0,26.7,320,0,1.98,,0.11,0.12,33,1.1,1.62,0.15,0,119,52,4,0.7,22,300,18,2,0.01,0.2,0.9,47
Aubergine,0.7,vegetables,18.9,79.1,2.2,0.1,1.13,2.35,93.7,0,0.52,2.4,0.2,0.2,0,,0.02,0,0,0,0.01,0,0,0.01,0,0.01,0.04,0.03,0.01,0,0,0,0,0,0,2.6,31,0,0.09,5.5,0.02,0,3.3,0.58,0.8,0.04,0,21.3,24,,0.21,10,210,14,2,0.01,0,0.16,19
Avocado,1.3,vegetables,197.2,825.1,1.7,19.6,1.94,4.75,70,0,2.03,0.2,0.3,0.2,0,,3.43,0,0,0,3.3,0.09,0.02,12.72,1.48,11.15,2.57,2.42,0.15,0,0,0,0,0,0,6.2,48,0,3.41,18.7,0.07,0.1,3.3,1.79,2.1,0.37,0,116,67,,0.26,14,600,32,5,0.01,0,0.4,33
Bacon,5.7,meat,348.1,1456.5,0,30.65,18.97,0,45.85,0,4.53,0,0,0,0,,12.79,0,0,0.47,7.94,4.2,0.06,13.78,0.78,12.53,2.63,2.16,0.18,0.06,0,0,0,54.2,12.7,12.7,0,0.54,0.57,,0.36,0.12,0,3.94,7.4,0.1,0.99,2.4,201,1,0.85,9.9,188.3,21.2,1 161.00,2.9,11.33,1.63,0
Banana,1.13,fruits and berries,101.1,423.1,22,0.5,1,1.7,74,0,0.8,7.1,6.4,6.4,0,,0.23,0.01,0,0,0.15,0.01,0,0.05,0.01,0.03,0.11,0.07,0.04,0,0,0,0,0,0,1.2,14,0,0.55,,0.04,0.1,9,0.5,0.67,0.58,0,19,20,0.4,0.4,6,395,33,1,0,0.5,0.2,37
Barley,0.8,grains,348.1,1456.5,70.2,1.57,10.6,3.1,14,0,0.54,0.07,1.41,0.2,0,,0.21,0,0,0,0.19,0.01,0,0.14,0,0.13,0.69,0.64,0.04,0,0,0,0,0,0,1.1,11,0,0.49,0.8,0.2,0.03,0,1.19,3,0.13,0,23.8,124.5,1,1.08,18.1,149,27.2,0.8,0,3.4,0.82,0
Basmati rice - dry,3.1,grains,358.8,1501.3,76.7,1,9.2,0.5,12,0,0.64,0,0.2,0.2,0,,0.18,0,0,0,0.15,0.01,0.01,0.33,0,0.32,0.34,0.33,0.01,0,0,0,0,0,0,0,0,0,0,,0.14,0.05,0,1.3,2.8,0.42,0,9,101,,0.4,18,76,26,0,0,14,1.5,
Beef,22.7,meat,123.6,517,0,4.1,21.69,0,73.3,0,1.1,0,0,0,0,,1.98,0,0,0.1,0.92,0.75,0.01,1.43,0.09,1.28,0.28,0.16,0.05,0.03,0.01,0.02,0,56.8,4.7,8.1,41,0,0.77,2.4,0.1,0.21,0,6.79,10.8,0.41,1.48,5,210,3.7,2.32,4.3,350,25,70,0.18,6.49,2.63,0
Broccoli (imported),1.31,vegetables,35.2,147.3,3.12,0.27,3.5,3.1,89.1,0,0.91,1.65,0.2,0.2,0,,0.04,0,0,0,0.04,0,0,0.01,0,0.01,0.09,0.03,0.06,0,0,0,0,0,0,39.2,470,0,0.36,,0.08,0.12,83,0.61,1.19,0.21,0,175,81.3,0.8,0.66,62,332,23,3.5,0.01,0.5,0.4,39
Broccoli (Swedish),0.4,vegetables,35.2,147.3,3.12,0.27,3.5,3.1,89.1,0,0.91,1.65,0.2,0.2,0,,0.04,0,0,0,0.04,0,0,0.01,0,0.01,0.09,0.03,0.06,0,0,0,0,0,0,39.2,470,0,0.36,,0.08,0.12,83,0.61,1.19,0.21,0,175,81.3,0.8,0.66,62,332,23,3.5,0.01,0.5,0.4,39
Brown bread,0.75,grains,349,1460.4,57.6,2.5,14.58,17.6,5.4,0,2.3,0.2,1.6,1,100,,0.34,0,0,0,0.3,0.01,0,0.29,0.01,0.23,1.16,1.01,0.15,0,0,0,0,0,0,0,0,0,0.74,,0.13,0.11,0,0.91,3.3,0.3,0,37.3,350,11,2.97,43,505,78,300,0.75,5.51,2.32,0
Brown cabbage,0.23,vegetables,47.5,198.9,6.99,1.01,1.37,2.44,86.22,0,1.93,6.28,1.4,1.4,0,,0.12,0,0,0,0.08,0.02,0,0.53,0,0.52,0.3,0.18,0.11,0,0,0,0,0,2.7,3.4,8,0.02,0.25,,0.03,0.01,15.6,0.34,0.56,0.1,0.01,7.6,28.4,,0.28,41.7,176.3,12.4,509.7,1.28,0.06,0.13,
Brussels sprouts,0.23,vegetables,43.6,182.4,4.7,0.3,3.4,4.2,86,0,1.4,2,0.6,0.6,0,,0.05,0,0,0,0.04,0,0.01,0.01,0,0.01,0.18,0.04,0.14,0,0,0,0,0,0,35.8,430,0,0.88,,0.14,0.09,85,0.7,1.27,0.22,0,159,69,0.3,1.4,42,390,23,7,0.02,1,0.5,23
Butter,6.5,oils,728.8,3049.3,0.5,82,0.4,0,15.91,0,0.57,0,0.5,0,0,,54.99,8.14,2.77,8.81,24.8,7.67,0.13,19.1,1.32,16.59,2.95,2.24,0.51,0.09,0,0,0,256,588,619.9,380,0.51,2.1,7.4,0,0,0,0,0.1,0,0,0,0,4,0,0,0,0,480,1.2,0,0,0
Butterhead lettuce,0.7,vegetables,14.2,59.5,1.1,0.2,1.4,1.2,95,0,1.1,0.7,0.1,0.1,0,,0.04,0,0,0,0.03,0,0,0.01,0,0,0.12,0.05,0.06,0,0,0,0,0,0,108.3,1300,0,0.3,,0.08,0.1,9,0.5,0.73,0.06,0,73,32,1,0.7,65,360,13,6,0.02,0.5,0.5,10
Cabbage,0.23,vegetables,29.5,123.4,4.7,0.1,1.13,2.58,90.8,0,0.65,5.3,0.4,0.4,0,,0.02,0,0,0,0.02,0,0,0,0,0.01,0.06,0.01,0.04,0,0,0,0,0,0,0.5,6,0,0.03,44,0.05,0,46.2,0.32,0.5,0.17,0,19.1,24,0.7,0.21,41,240,11,7,0.02,0,0.12,20
Camembert,5.6,cheese,286.3,1198,0,22.5,21.5,0,52.7,0,3.3,0,0.1,0,0,,14.58,1.92,0.72,2.36,6.45,2.5,0.04,5.8,0.34,5.07,0.58,0.43,0.13,0.02,0,0,0,72,215,223.2,99,0.16,0.5,,0.04,0.45,0,1.8,6.82,0.25,1.1,62,370,,0.2,720,187,20,605,1.51,5.5,2.4,0
Cantaloupe,1.3,fruits and berries,36.7,153.7,7.9,0.1,0.5,0.9,90,0,0.6,3,4.8,4.8,0,,0.03,0,0,0,0.02,0,0,0.01,0,0.01,0.03,0.01,0.02,0,0,0,0,0,0,2,24,0,0.1,,0.08,0.02,25,0.6,0.68,0.06,0,30,10,,0.1,6,270,7,10,0.03,0,0,54
Carrot,0.14,root vegetables,36.4,152.1,6.6,0.24,0.69,2.42,89.45,0,0.58,3.2,3.05,3.05,0,,0.05,0,0,0,0.05,0,0,0,0,0,0.14,0.12,0.02,0,0,0,0,0,0,861.5,8695,0,0.57,8,0.04,0,4.9,0.8,0.9,0.14,0,22.2,23,3,0.19,26,210,8,31,0.08,0,0.16,16
Cauliflower,0.29,vegetables,24.4,102.1,2.6,0.17,1.94,2.33,92.2,0,0.78,2.1,0.6,0.6,0,,0.04,0,0,0,0.04,0,0,0.01,0,0.01,0.08,0.02,0.05,0,0,0,0,0,0,0.5,6,0,0.1,27.3,0.06,0.05,79.1,0.52,0.8,0.18,0,88.4,43,0.8,0.34,23,340,11,6,0.02,0,0.25,21
Cauliflower (imported),0.7,vegetables,24.4,102.1,2.6,0.17,1.94,2.33,92.2,0,0.78,2.1,0.6,0.6,0,,0.04,0,0,0,0.04,0,0,0.01,0,0.01,0.08,0.02,0.05,0,0,0,0,0,0,0.5,6,0,0.1,27.3,0.06,0.05,79.1,0.52,0.8,0.18,0,88.4,43,0.8,0.34,23,340,11,6,0.02,0,0.25,21
Celeriac,0.25,root vegetables,32.3,135.3,4.4,0.5,1.01,3.1,90,0,1.03,0,2.4,2.4,0,,0.12,0,0,0,0.09,0,0.01,0.02,0.02,0.24,0.26,0.03,0,0,0,0,0,0,0,0.2,2,0,0.2,0.8,0.05,0.05,9.2,0.56,0.7,0.22,0,58.8,60,0,0.34,31.5,296,11.7,45,0.11,0,0.34,25
Celery,0.18,vegetables,13.3,55.5,1.5,0.1,0.7,1.8,95,0,0.9,0.9,0.3,0.3,0,,0.02,0,0,0,0.02,0,0,0.02,0,0.02,0.04,0.04,0,0,0,0,0,0,0,9.2,110,0,0.2,,0.04,0.08,7,0.5,0.62,0.09,0,9,26,1.9,0.4,70,320,8,62,0.16,1,0.4,20
Chard babyleafs,0.7,vegetables,15.9,66.7,0,0.5,2.13,1.5,94.4,0,1.49,0.2,0,0,0,,0.06,0,0,0,0.05,0,0,0.03,0.01,0.02,0.31,0.05,0.22,0,0,0,0,0,0,175.3,2060,0,0.93,255,0.04,0.09,8.5,0.4,0.8,0.13,0,123,26,2,1.37,95,260,34,200,0.5,0,0.37,0
Cherimoya,0.92,fruits and berries,99.1,414.8,21.1,0.4,1.3,2.4,74,0,0.8,11.2,0.5,0.5,0,,0,0,0,0,0,0,0,0,0,0,0,0,0,0,0,0,0,0,0,0.5,6,0,0.1,,0.1,0.11,9,1.3,1.52,0.05,0,5,40,,0.5,23,113,14,1,0,1,0.1,35
Cherry tomato,11.9,vegetables,25.2,105.4,4.4,0.13,0.81,1.5,92.5,0,0.64,4.1,0,0,0,,0.02,0,0,0,0.02,0,0,0.02,0,0.01,0.06,0.06,0.01,0,0,0,0,0,0,80.4,965,0,0.95,6.1,0.05,0.03,33.7,0.87,1,0.14,0,25.7,37,0.2,0.44,11,320,14,3,0.01,0,0.13,0
Chick peas (canned),1,legumes,128.2,536.5,15.7,2.5,7.5,6.2,67.1,0,1,0.03,0.42,0.34,0,,0.27,0,0,0,0.19,0.04,0.01,0.67,0.01,0.65,1.06,1.02,0.05,0,0,0,0,0,0,1.1,12,0,1.29,13.7,0.05,0.03,0,0.2,1.5,0.11,0,72.8,103.4,1.3,1.63,68,162.8,34.1,213.1,0.53,19.8,1.06,
Chicken,3.62,meat,114.8,480.2,0,3.1,21.5,0,74.4,0,1,0,0,0,0,,0.83,0,0,0.03,0.62,0.17,0,1.24,0.2,1.01,0.38,0.3,0.02,0.01,0.01,0.01,0.01,70,16,16,0,0.4,1.1,,0.07,0.14,0,8.2,12.14,0.43,0.4,23,173,0.4,0.9,12,230,25,77,0.19,11.2,1.5,0
Chicken breast fillet,3.62,meat,104.5,437.1,0,1.2,23.1,0,74.68,0,1.02,0,0,0,0,,0.38,0,0,0.01,0.29,0.08,0,0.58,0.09,0.47,0.17,0.14,0.01,0.01,0,0,0.01,58,7,7,0,0.4,1.1,,0.24,0.14,0,12,16.24,0.9,0.26,23,196,,0.72,11,255,28,65,0.16,11.2,0.8,0
Chicory,0.7,vegetables,13.6,57,1.1,0.1,1,2.2,95,0,0.6,0.2,0.7,0.7,0,,0.02,0,0,0,0.02,0,0,0,0,0,0.04,0.04,0.01,0,0,0,0,0,0,4,48,0,0.1,,0.07,0.14,4,0.5,0.67,0.05,0,52,21,0.4,0.5,22,187,7,2,0.01,1,0.2,11
Chinese cabbage,0.23,vegetables,20.6,86,2.68,0.14,1.31,1.62,93.7,0,0.55,2.4,0.1,0.1,0,,0.03,0,0,0,0.03,0,0,0.02,0,0.02,0.06,0.01,0.05,0,0,0,0,0,0,1.2,15,0,0.34,,0.05,0.05,39,0.78,0.99,0.15,0,150,38,0.3,0.34,25.6,204,15,9,0.02,0.2,0.3,7
Chinese cabbage (imported),0.7,vegetables,28.5,119.4,1.8,0.4,2.8,3.3,90,0,1.7,2.3,0.3,0.3,0,,0.07,0,0,0,0.05,0,0,0.07,0.02,0,0.18,0.04,0.13,0,0,0,0,0,0,175,2100,0,0.2,,0.23,0.11,31,0.2,0.67,0.1,0,3.3,51,,2.7,64,396,14,7,0.02,1,0.5,7
Coconut milk,4.2,dairy,238.7,998.6,3.5,24,2.3,1.5,68,0,0.7,0,1.5,1.5,0,,20.34,3.36,10.46,3.9,1.94,0.63,0.02,1.74,0,1.7,0.52,0.5,0,0,0,0,0,0,0,0,0,0,0.15,,0.03,0,2,0.8,1.18,0,0,1.2,100,,1.6,16,265,37,15,0.04,0.1,0.7,0
Cod,4.7,fish and seafood,78.3,327.7,0,0.5,18.19,0,81,0,1.1,0,0,0,0,,0.08,0,0,0,0.06,0.01,0,0.05,0.01,0.04,0.21,0.01,0,0.01,0.03,0.01,0.15,48.4,2.3,2.3,0,1.84,0.67,0,0.05,0.05,0,2.16,5.5,0.14,1.41,14,217,180,0.12,12,402,27,59,0.15,27.3,0.6,34
Cottage cheese,0.32,cheese,92.7,387.7,2.1,4,12,0,80.4,0,1.5,0.1,1.7,0,0,,2.62,0.41,0.12,0.41,1.16,0.46,0.01,0.93,0.04,0.86,0.06,0.06,0.03,0,0,0,0,13,33,34.6,19,0.03,0.09,,0.04,0.15,0,0.12,2.92,0.03,0.6,12,130,5.9,0.1,60,70,6.2,340,0.85,4,0.4,0
Crispy fried onions,0.23,vegetables,53,221.9,8.23,1.14,1.34,2.12,85.5,0,1.71,3.38,1.69,1.69,0,,0.14,0,0,0,0.09,0.02,0.01,0.61,0,0.59,0.33,0.24,0.09,0,0,0,0,0,3,3.4,4,0.04,0.31,,0.04,0,5.3,0.16,0.34,0.16,0,16.1,38,60.2,0.25,36.7,214.7,12.8,475,1.19,0,0.12,7.9
Croissant,2.7,sweets,364.9,1526.8,36.76,21.46,5.83,1.11,33.22,0,1.57,0.04,6.14,4.34,0,,10.74,0.95,0.55,1.14,6.21,1.34,0.04,6.83,0.17,6.81,2.83,1.96,0.56,0.01,0,0,0,41.05,,192.9,,0.87,2.17,,0.13,0.11,0.7,1.78,2.83,0.09,0.18,14.1,85.5,,0.61,41.2,102.6,14.6,486.7,1.22,2.28,0.53,
Cucumber (imported),1.12,vegetables,13.1,54.8,2.3,0.05,0.81,0,96.5,0,0.38,1.7,0,0,0,,0.02,0,0,0,0.02,0,0,0,0,0,0.02,0.01,0.01,0,0,0,0,0,0,10,119,0,0.15,24.4,0.02,0,10.1,0.19,0.3,0.05,0,10.4,25,0.3,0.27,17,160,10,3,0.01,0,0.17,5
Cucumber (Swedish),3.5,vegetables,13.1,54.8,2.3,0.05,0.81,0,96.5,0,0.38,1.7,0,0,0,,0.02,0,0,0,0.02,0,0,0,0,0,0.02,0.01,0.01,0,0,0,0,0,0,10,119,0,0.15,24.4,0.02,0,10.1,0.19,0.3,0.05,0,10.4,25,0.3,0.27,17,160,10,3,0.01,0,0.17,5
Cured ham,7.2,meat,245.3,1026.5,1.5,12.38,31.94,0,48.2,0,5.98,0,0,0.05,0,,3.98,0.01,0.01,0.15,2.48,1.25,0.02,5.41,0.34,4.87,2.19,2.01,0.06,0.04,0,0,0,85.2,8,8,2,0.24,0.05,0.6,0.76,0.36,0,8.8,14.7,0.63,0.76,11.1,235.8,3,1.13,14.2,533,30.7,1 839.4,4.6,25.29,3.43,0
Curly chicory,0.7,vegetables,14.9,62.4,1,0.2,1.2,2.2,94,0,1.4,0.2,0.7,0.7,0,,0.04,0,0,0,0.04,0,0,0,0,0,0.09,0.08,0.01,0,0,0,0,0,0,102.5,1230,0,0.1,,0.08,0.08,7,0.4,0.6,0.02,0,142,28,6.4,0.8,52,315,15,22,0.06,1,0.8,14
Dark chocolate,5.6,sweets,572.4,2394.9,50.7,36.98,9.69,0,0.38,0,2.25,0,22.1,22.1,0,,22.47,0,0.04,0.08,9.07,12.74,0.39,11.75,0.09,11.66,1.13,1.06,0.07,0,0,0,0,3.12,20,21.7,16,0,0.66,7.6,0.02,0.08,0,0.88,2.5,0.09,0,22.3,230,2,15.2,54.8,654,174,11.8,0.03,4.6,2.89,
Dried beans,0.7,legumes,318.2,1331.4,41.9,1.7,25,16.4,11.9,0,3.1,2.4,1.1,1.1,0,,0.23,0,0,0,0.18,0.03,0.01,0.33,0,0.33,0.72,0.67,0.05,0,0,0,0,0,0,35,420,0,0.34,,0.5,0.3,0,2.5,6.67,0.56,0,423,390,,7.1,102,1 530.00,192,13,0.03,2.2,2.8,0
Dried lentils,0.9,legumes,325.4,1361.5,48.5,1,24,11.5,12,0,3,0.3,2.1,2.1,0,,0.15,0,0,0,0.13,0.01,0.01,0.18,0,0.17,0.47,0.38,0.09,0,0,0,0,0,0,5,60,0,0.34,,0.37,0.22,0,2,6,0.6,0,433,375,0.7,6.8,79,790,80,30,0.08,11,3.1,0
Dried peas,0.7,legumes,316.6,1324.5,49.2,1,21.5,10.7,15,0,2.6,0.3,1.8,1.8,0,,0.19,0,0,0,0.17,0.01,0,0.07,0,0.07,0.54,0.45,0.09,0,0,0,0,0,0,1.2,15,0,0.09,,0.82,0.18,1,2.5,6.08,0.08,0,33,380,45,6,59,1 100.00,120,2,0.01,2,3.8,0
Coffee powder,4.02,sweets,303.7,1270.6,42.6,1.7,19.5,19,6.8,0,10.4,0,6.5,0,0,,0.2,0,0,0.15,0.04,0,0,0.04,0,0.04,0.2,0.18,0.02,0,0,0,0,0,0,0,0,0,0,,0,0.11,0,22,25.25,0.03,0,22,350,10,4.4,160,4 000,390,41,0.1,3,0.57,0
Egg ,2.12,meat,137.4,575.1,0.4,9.73,12.25,0,76.28,0,0.84,0.4,0,0,0,,2.59,0,0,0.03,1.89,0.66,0,3.97,0.24,3.68,1.46,1.11,0.09,0.13,0,0,0.1,340,233,233.2,0,1.43,5.57,30.2,0.08,0.45,0,0,3.1,0.1,1.47,85.8,184.3,28.6,1.68,52.1,131.6,11.7,142.1,0.36,22.65,1.31,12
Emmental cheese,6.9,cheese,386.3,1616.2,1.4,31,26.2,0,37.9,0,3.5,0,0,0,0,,20.33,3.19,0.97,3.19,8.96,3.57,0.06,7.24,0.29,6.68,0.47,0.47,0.21,0,0,0,0,87,259,270.9,143,0.21,0.72,2.9,0.02,0.28,0,0.04,6.16,0.04,1.4,32,490,15,0.11,710,80,29,430,1.08,9.6,3.2,0
Fennel,0.23,vegetables,28.5,119.4,1.8,0.4,2.8,3.3,90,0,1.7,2.3,0.3,0.3,0,,0.07,0,0,0,0.05,0,0,0.07,0.02,0,0.18,0.04,0.13,0,0,0,0,0,0,175,2100,0,0.2,,0.23,0.11,31,0.2,0.67,0.1,0,3.3,51,,2.7,64,396,14,7,0.02,1,0.5,7
Fish fingers (cod),3.4,fish and seafood,207.3,867.5,19,9.06,12.31,0,57.9,0,1.7,0.2,0.7,0,0,0,0.84,0,0,0.02,0.53,0.2,0.04,4.11,0.03,3.89,3.22,2.51,0.47,0.02,0.06,0.01,0.13,35,17.9,20.1,20,0.33,3.91,6.2,0.1,0.07,0,1.3,3.6,0.07,1.11,9.4,143,55,0.38,18,145,30,419,1.05,14.3,0.57,0
Flour,0.8,grains,78.6,328.8,16.4,0.1,1.74,2.09,78.81,0,0.91,0.52,0.32,0.32,0,,0,0,0,0,0,0,0,0,0,0,0,0,0,0,0,0,0,0,0,0.6,8,0,0.07,1.2,0.06,0.03,23.6,2.01,2.3,0.21,0,19.1,43.1,0.2,0.4,4.4,378.5,21.8,3.1,0.01,0.05,0.22,
French fries,1.4,root vegetables,243.1,1017,30.6,11.4,3,3,51,0,1,0.4,0.1,0.1,0,,3.38,0,0,0.03,2.53,0.69,0.04,4.77,0,4.73,2.75,2.43,0.33,0,0,0,0,0,0,0,0,0,2,,0,0.03,4,3.3,3.8,0.24,0,16.5,93,,0.7,19,500,34,4,0.01,0.1,0.4,0
Garlic,0.23,vegetables,159.7,668,31.1,0.5,6.4,1.5,59,0,1.5,3,0.9,0.9,0,,0.09,0,0,0,0.09,0,0,0.01,0,0.01,0.25,0.23,0.02,0,0,0,0,0,0,0,0,0,0.01,,0.2,0.11,31,0.7,1.77,0.13,0,3,153,2.7,1.7,181,400,25,17,0.04,20,1,13
Goat's cheese,9,cheese,345.4,1445.3,1.4,28.95,20.61,0,46.3,0,2.75,0,0.39,0.05,0,,19.97,3.84,1.12,2.71,7.7,3.49,0.09,5.93,0.26,5.44,1.28,0.88,0.2,0.04,0,0,0,97.6,302,302,2,0.15,0.65,3.7,0.05,0.42,0,0.66,5.5,0.18,0.19,48,263.4,43,0.68,168.8,133.8,17.1,685.8,1.71,11.29,0.93,0
Grapes,1.3,fruits and berries,75,313.8,15.7,0.6,0.7,1.6,81,0,0.4,14.7,0.4,0.3,0,,0.2,0,0,0.01,0.17,0.02,0,0.02,0,0.02,0.18,0.14,0.04,0,0,0,0,0,0,2.8,33,0,0.4,,0.09,0.06,11,0.3,0.42,0.11,0,4,13,0.4,0.3,11,185,9,2,0.01,0.4,0.1,4
Green lentils - canned,0.9,legumes,92.3,386.4,13.1,0.6,6.25,4.4,74.5,0,1.2,0.01,0.23,0.17,0,,0.08,0,0,0,0.06,0.01,0,0.12,0,0.12,0.27,0.21,0.06,0,0,0,0,0,0,1,11,0,0.31,12.6,0.04,0.03,0,0.36,1.4,0.08,0,15.6,76.3,3.3,1.36,43.3,126.6,20.8,305.7,0.76,17.5,0.41,
Green peas,0.32,legumes,71.7,300.2,8.8,0.4,5.4,5.5,79,0,0.9,0.3,3.7,3.7,0,,0.08,0,0,0,0.07,0,0,0.03,0,0.03,0.22,0.18,0.04,0,0,0,0,0,0,45.8,550,0,0.13,,0.41,0.13,40,2.1,3,0.17,0,65,130,0.2,2,31,370,40,1,0,0.2,1.3,60
Haddock (filet),3.8,fish and seafood,298.3,1248,0,25,17,0,55,0,1,0,0,0,0,,5.3,0,0,1.6,2.95,0.5,0.04,9.09,0.87,2.92,7.23,0.36,0.34,0.36,1.76,0.34,2.8,48.8,15,15,0,5.4,0.42,0,0.1,0.28,0,8.3,11.4,0.61,7.4,0,194,63,0.8,15,367,24,43,0.11,60,0.62,41
Ham,7.2,meat,129.6,542.2,0.1,4.5,22,0,70,0,3.4,0,0,0,0,,1.94,0,0,0.08,1.15,0.68,0.01,1.85,0.15,1.63,0.5,0.39,0.02,0.01,0,0.01,0.02,45,2,2,0,0.63,0.3,,0.8,0.2,0,5.1,9.13,0.37,0.8,6,196,,0.7,10,310,15,1130,2.83,6,3,0
Hard Cheese,8.5,cheese,325.2,1360.8,0.8,23,29.19,0,43,0,4,0.1,0.1,0,0,,15.08,2.37,0.72,2.37,6.65,2.65,0.04,5.37,0.22,4.96,0.35,0.35,0.15,0,0,0,0,65,192,200.8,106,0.16,0.54,2.2,0.03,0.32,0,0.05,6.9,0.05,1.6,36,550,17,0.19,810,91,33,470,1.18,10.4,3.5,0
Heavy cream fat 40%,2.6,dairy,374.5,1566.9,3,40,2.11,0,54.4,0,0.48,0,2.69,0,0,,25.63,2.91,1.29,4.16,12.44,4.04,0.08,9.98,0.83,8.66,0.95,0.6,0.26,0.04,0,0.04,0,114.3,344.5,369.3,298,0.09,1.02,11.7,0.03,0.09,0.4,0.04,0.5,0.03,0.36,8.9,63,7.3,0.04,75,100,7,24,0.06,1.29,0.3,0
Herring,2.1,fish and seafood,147.5,617.2,0,9,16.72,0,71.2,0,1.8,0,0,0,0,0,1.98,0,0,0.62,1.12,0.1,0.01,3.66,0.36,0.84,2.34,0.2,0.17,0.09,0.42,0.08,0.92,57,6.4,6.4,0,5.78,0.71,0.4,0,0.21,0,4.96,8,0.3,8.79,11,276.5,41.5,0.62,56,334.5,36.5,198.5,0.5,25.25,1.42,30
Honey,2.6,sweets,332.4,1390.6,81.5,0,0.3,0,18,0,0.2,71,3.7,0.8,0,,0,0,0,0,0,0,0,0,0,0,0,0,0,0,0,0,0,0,0,0,0,0,0,,0,0.04,2,0.3,0.35,0.02,0,0,6,0.5,0.5,5,51,3,5,0.01,0,0.6,0
Ice cream (dairy based),1.2,dairy,136.7,572,4.43,12,3.1,0,79.8,0,0.67,0.05,3.4,0,0,,7.87,1.24,0.37,1.24,3.47,1.38,0.02,2.8,0.11,2.59,0.26,0.18,0.08,0,0,0,0,35.1,100.1,104.7,55,0.08,0.28,,0.04,0.13,0,0.06,0.78,0.04,0.24,10.1,83,,0.05,105,147,11,37,0.09,1.7,0.41,0
Iceberg lettuce,0.53,vegetables,14.5,60.7,2.5,0.12,0.81,0,96.2,0,0.35,2.1,0.1,0.1,0,,0.02,0,0,0,0.02,0,0,0.01,0,0,0.07,0.02,0.05,0,0,0,0,0,0,9.2,108,0,0.76,44.3,0.03,0,5,0.22,0.4,0.05,0,57,23,,0.33,25,180,11,3,0.01,0,0.23,5
Instant rice - dry,2.17,grains,364.6,1525.7,78.5,0.7,8.5,2.6,9,0,0.7,0.07,0.5,0.5,0,0.6,0.12,0,0,0,0.1,0.01,0,0.23,0,0.22,0.24,0.23,0.01,0,0,0,0,0,0,0,0,0,0,,0.25,0.02,0,4,5.4,0.44,0,8,165,,0.4,73,158,30,2,0.01,0,0.7,
Jasmine rice - dry,3.1,grains,354.4,1482.8,78.2,0.7,7.5,0,13,0,0.64,0.14,0.02,0.02,0,0.2,0.12,0,0,0,0.1,0.01,0,0.23,0,0.22,0.24,0.23,0.01,0,0,0,0,0,0,0,0,0,0,,0.04,0.05,0,0.7,2,0.75,0,11,68,,0,0,56,10,0,0,0,1.6,
Kale,0.23,vegetables,40,167.4,3.2,0.7,3.38,3.7,87.5,0,1.5,1.4,0.7,0.7,0,,0,0,0,0,0,0,0,0,0,0,0,0,0,0,0,0,0,0,0,263,3150,0,2.12,347,0.08,0.15,74,1.89,2.5,0.2,0,111,68.9,0,0.86,128,378,20.1,21.6,0.05,0,0.44,38
Kiwi,1.2,fruits and berries,55.9,233.9,10.2,0.4,0.9,3.8,84,0,0.7,8.5,0.7,0.7,0,,0.05,0,0,0,0.04,0.01,0,0.07,0,0.07,0.2,0.17,0.02,0,0,0,0,0,0,3.6,43,0,0.2,,0.02,0.05,63,0.5,0.65,0.06,0,42,31,,0.3,27,270,30,3,0.01,1,0.1,15
Kohlrabi,0.23,root vegetables,29.1,121.8,4.4,0.1,1.7,1.8,91,0,1,2,0.9,0.9,0,,0,0,0,0,0,0,0,0,0,0,0,0,0,0,0,0,0,0,0,2,24,0,0.2,,0.05,0.02,62,0.4,0.68,0.15,0,20,46,,0.4,24,350,19,20,0.05,0.5,0.3,54
Lamb brisket,13.35,meat,133.6,558.8,0,5.9,20.13,0,73.1,0,1,0,0,0,0,,2.44,0,0.02,0.21,1.2,0.77,0.01,2.38,0.12,2.18,0.45,0.28,0.07,0.04,0.02,0.02,0.01,63.2,6.6,6.6,0,0,0.35,8,0.16,0.24,0,5.34,9,0.21,2.36,1,190,4.3,1.38,4.9,310,23,78,0.2,7.47,3.67,30
Lamb chops,13.35,meat,232.2,971.6,0,17.3,19,0,62.4,0,0.8,0,0,0,0,,7.89,0.03,0.05,0.73,3.68,2.64,0.03,6.7,0.35,6.12,0.89,0.64,0.17,0.02,0.02,0.03,0,69.9,20.2,20.2,0,0,0.41,14.5,0.17,0.21,0,5.93,9.4,0.29,0.88,1,170,4.6,1.45,12,260,21,72,0.18,4.62,2.12,30
Lamb heart,13.35,meat,119,497.9,0,5.6,17.1,0,76.3,0,1,0,0,0,0,,2.16,0,0,0.15,0.87,1.07,0,1.66,0.09,1.46,0.53,0.32,0.12,0.09,0,0,0,140,7,7,0,0.4,0.37,,0.48,0.9,7,6.9,10.04,0.29,8,20,210,1.9,3.6,7,280,21,140,0.35,3,2,22
Lamb kidney,13.35,meat,95.9,401.2,0,3.4,16.2,0,79.1,0,1.3,0,0,0,0,,1.15,0,0,0.06,0.51,0.56,0.05,0.8,0.05,0.72,0.5,0.21,0.1,0.18,0,0,0,375,107,107.5,6,0.4,0.45,,0.68,2.4,15,7.4,10.37,0.3,63,31,250,,4.3,15,250,17,190,0.48,66,2.6,3
Lamb leg,13.35,meat,111.5,466.5,0,2.6,20.88,0,74.5,0,1.1,0,0,0,0,,1.01,0,0.01,0.08,0.51,0.32,0,1.03,0.05,0.94,0.26,0.15,0.04,0.03,0.01,0.01,0,61.9,3.9,3.9,0,0,0.27,5.3,0.21,0.28,0,7.31,11.1,0.34,1.57,1,220,4.6,2.08,4.3,350,27,68,0.17,9.58,3.51,26
Lamb's lettuce,0.7,vegetables,19.1,80.1,0.8,0.2,2.63,1.8,93.5,0,1.06,0.2,0,0,0,,0.1,0,0,0,0.03,0,0,0,0,0,0.1,0.05,0.06,0,0,0,0,0,0,246.4,2920,0,1.5,377,0.03,0.13,35.3,0.7,1.1,0.14,0,90.9,30,6.4,1.78,71,350,22,3,0.01,0,0.18,0
Lamb liver,13.35,meat,149.3,624.5,3.2,5.3,22,0,68,0,1.5,0,0,0,0,,1.83,0,0,0.04,0.7,0.97,0.02,1.03,0.06,0.94,1.01,0.32,0.16,0.19,0.09,0.18,0.05,300,49000,49014.3,172,0.5,0.46,,0.23,2.4,33,15,19.03,0.42,84,2 000.00,435,7,4.9,5,290,19,76,0.19,9,4.7,9
Lamb saddle,13.35,meat,176.7,739.5,0,11.9,17.6,0,69.5,0,1,0,0,0,0,,5.95,0.05,0.09,0.75,2.64,1.96,0.17,4.46,0.36,3.96,0.93,0.51,0.11,0.03,0,0,0,78,53,53.6,7,0.4,0.7,,0.18,0.3,0,4.3,7.53,0.2,1.2,5,173,,1.5,18,220,17,66,0.17,1.4,3.4,32
Lamb sausage,13.35,meat,254.7,1065.7,4.8,19.3,15.88,0,56.9,0,3.1,0.4,0.17,0.17,0,,8.58,0.01,0.02,0.54,4.39,2.94,0.03,7.97,0.7,6.93,0.88,0.63,0.17,0.03,0,0.02,0,62.7,118,122.1,45,0.16,2.94,16.4,0.1,0.17,0,3.84,6.8,0.17,1.95,4.9,160,4.4,2.38,16,230,16,970,2.43,21.71,3.51,22.9
Lamb shank,13.35,meat,136.7,571.9,0,4.2,24.5,0,70.3,0,1,0,0,0,0,,2.02,0.02,0.03,0.25,0.9,0.67,0.06,1.51,0.12,1.34,0.32,0.17,0.04,0.01,0,0,0,78,53,53.6,7,0.4,0.7,,0.18,0.3,0,4.3,8.79,0.2,1.2,2,190,,1.5,20,220,17,66,0.17,1.4,3.4,53
Lamb sweetbread,13.35,meat,131.1,548.7,0,7.8,15.3,0,75.6,0,1.3,0,0,0,0,,3.82,0,0.05,0.36,1.61,1.67,0,3.05,0.19,2.76,0.42,0.16,0.16,0.1,0,0,0,250,7,7,0,0.4,0.44,,0.03,0.25,18,3.7,6.51,0.03,6,13,400,,1.7,8,420,21,75,0.19,3,1.9,0
Lamb tongue,13.35,meat,191.3,800.3,0,14.6,15.3,0,69,0,1.1,0,0,0,0,,7.3,0.06,0.11,0.92,3.24,2.41,0.21,5.47,0.45,4.86,1.14,0.63,0.14,0.04,0,0,0,180,53,53.6,7,0.4,0.21,,0.17,0.49,7,4.9,7.71,0.17,7,19,170,0,2.2,6,250,21,97,0.24,5,2.5,20
Leek,0.24,vegetables,29.5,123.4,4.1,0.15,1.56,2.71,90.9,0,0.62,3.5,0.5,0.5,0,,0.03,0,0,0,0.03,0,0,0.01,0,0.01,0.07,0.05,0.02,0,0,0,0,0,0,27.8,332,0,0.78,53.5,0.08,0.06,20.3,0.48,0.7,0.21,0,72.4,29,1.1,0.56,44,240,11,6,0.02,0,0.24,16
Leek (imported),0.7,vegetables,29.5,123.4,4.1,0.15,1.56,2.71,90.9,0,0.62,3.5,0.5,0.5,0,,0.03,0,0,0,0.03,0,0,0.01,0,0.01,0.07,0.05,0.02,0,0,0,0,0,0,27.8,332,0,0.78,53.5,0.08,0.06,20.3,0.48,0.7,0.21,0,72.4,29,1.1,0.56,44,240,11,6,0.02,0,0.24,16
Lobster,5.4,fish and seafood,85.5,357.6,0,1.9,16.9,0,79,0,2.2,0,0,0,0,,0.22,0,0,0.02,0.12,0.06,0,0.36,0.07,0.2,0.7,0.05,0.06,0.01,0.28,0.02,0.13,129,0,0,0,0,1.5,,0.1,0.05,0,1.5,4.6,0.21,0.5,17,183,700,0.6,29,220,29,270,0.68,104,4.6,72
Mackerel (frozen fillets),1,fish and seafood,77.3,323.4,0,0.64,17.63,0,78.7,0,2.2,0,0,0,0,0,0.09,0,0,0.01,0.07,0.01,0,0.16,0.04,0.09,0.18,0.01,0,0.01,0.09,0,0.06,147,0,0,0,0,3.93,0,0.04,0,0,0.99,4.2,0.04,3.52,14,147,20,0.22,21,88,37,630,1.58,23,1.12,62
Margarine,1.5,oils,709.5,2968.5,0.4,80,0.1,0,18,0,1.5,0,0.4,0,0,,36,0.3,2,1.1,23.4,2.6,0,34,0,33.8,10,10.3,4.3,0,0,0,0,0,,900,,7.5,5,,0,0,0,0,0.02,0,0,0,0,,0,0,0,0,600,1.5,0,0,0
Margarine - low-fat,1.5,oils,348.2,1457,3,38,0,0,57.75,0,1.25,0,0,0,0,,8,0.2,0.9,0.3,4.9,1.2,0,11,0,11.9,19,14.2,3.7,0,0,0,0,0,,800,,10,12,,0,0,0,0,0,0,0,0,0,,0,0,0,0,500,1.25,0,0,0
Mayonnaise,1.95,oils,784.3,3281.5,0.41,87.81,1.46,0.07,9.13,0,0.82,0.04,0.03,0.01,0,,9.29,0,0,0.05,6.58,1.93,0.42,57.5,0.57,55.7,16.97,12.44,4.42,0.03,0,0,0.02,75.32,53.3,53.7,4,0.29,20.5,,0.02,0.05,0.9,0,0.34,0.02,0.29,18.8,43.5,,0.35,33.3,21.9,6.5,222.1,0.56,4.76,0.29,0
Milk (semi-skimmed),1.2,dairy,47.3,197.8,4.8,1.5,3.57,0,89.4,0,0.78,0,4.86,0,0,,0.96,0.11,0.05,0.16,0.47,0.15,0,0.37,0.03,0.32,0.04,0.02,0.01,0,0,0,0,6.1,12.9,13.8,11,1,0.04,0.4,0.05,0.15,0.6,0.07,0.9,0.05,0.59,14.6,104,12,0.02,122,163,11,40,0.1,1.62,0.43,0
Milk (skim),1.2,dairy,38.6,161.3,4.8,0.5,3.6,0,90.3,0,0.79,0,4.91,0,0,,0.32,0.04,0.02,0.05,0.16,0.05,0,0.12,0.01,0.11,0.01,0.01,0,0,0,0,0,3.3,4.3,4.6,4,1,0.01,0.1,0.05,0.15,0.6,0.07,0.9,0.05,0.59,14.7,105,12.1,0.02,124,165,11,40,0.1,1.63,0.44,0
Milk (whole),1.2,dairy,70.4,294.5,4.8,4.2,3.38,0,86.9,0,0.76,0,4.73,0,0,,2.69,0.31,0.13,0.44,1.31,0.42,0.01,1.05,0.09,0.91,0.1,0.06,0.03,0,0,0,0,13.7,25.8,27.7,22,0.01,0.08,1.2,0.05,0.14,0.6,0.07,0.9,0.04,0.57,14.2,101,11.7,0.02,119,159,11,39,0.1,1.6,0.43,0
Milk chocolate ,6.6,sweets,563.6,2358.3,52.9,35.21,9.19,0,0.75,0,1.93,0,48.5,37.6,0,,21.27,0.52,0.21,0.69,8.81,10.4,0.31,11.11,0.16,10.84,1.26,1.11,0.1,0,0,0,0,28.6,57.6,60.4,32,0.29,0.74,5.8,0.03,0.47,0,0.38,1.9,0.11,0.48,16.3,264,24,2.33,267,509,62.8,92.8,0.23,3.6,1.37,
Minced beef,16,meat,204.5,855.6,0,15,19.38,0,66.4,0,0.9,0,0,0,0,,6.6,0,0.01,0.43,3.53,2.04,0.02,6.86,0.63,5.91,0.65,0.43,0.1,0.04,0.01,0.02,0,61.7,10.5,12.8,28,0.15,0.67,8.2,0.06,0.15,0,4.37,7.9,0.26,1.57,3.3,160,2.7,1.94,6.6,280,20,83,0.21,5.26,4.91,0
Minced lamb,13.35,meat,216.6,906,4.67,15.23,14.95,0.31,61.93,0,2.48,0.21,0.84,0.06,1,,6.92,0.03,0.04,0.44,3.02,2.77,0.03,5.68,0.27,5.24,0.99,0.7,0.17,0.03,0.02,0.02,0.01,81.01,41.8,42,2,0.25,1.01,,0.09,0.17,0.2,3.54,6.34,0.09,1.07,10.8,154.6,,1.5,37.2,184.3,19.9,738,1.85,8.72,3.02,
Mozzarella,7.28,cheese,255.1,1067.3,0,20.3,18.6,0,57.4,0,3.28,0,0,0,0,,13.75,2.12,0.67,2.17,5.82,2.03,0.03,5.04,0.32,4.16,0.76,0.55,0.14,0.03,0,0.01,0,58,258,283,152,0.2,0.31,,0.03,0.4,0,0.1,4.44,0.1,1.7,20,267,,0,362,51,15,395,0.99,6,2.7,
Muesli,0.8,grains,381.8,1597.6,69.6,6.51,6.62,7.62,8.26,0,1.36,10.2,14.7,14.1,43,,4.26,0.5,1.99,0.83,0.73,0.19,0.01,0.9,0.01,0.87,1.03,0.98,0.06,0,0,0,0,0,0,2,24,0,0.47,2.6,0.14,0.05,0.1,1.78,2.9,0.21,0,23.5,189.1,0,2.35,27,329,65.9,151,0.38,1.4,1.41,0
Oatmeal,0.8,grains,65.3,273.1,10.19,1.24,2.35,1.77,83.34,0,1.11,0.07,0.16,0.16,18,,0.22,0,0,0,0.2,0.01,0.01,0.45,0,0.45,0.5,0.47,0.02,0,0,0,0,0,0,0,0,0,0.13,,0.08,0.01,0,0.16,0.55,0.02,0,5.9,75.7,39,0.94,11.1,46.2,23.3,308.5,0.77,0.18,0.57,0
Olive oil,1.75,oils,884.3,3700,0,100,0,0,0,0,0,0,0,0,0,,14.34,0,0,0,11.09,2.68,0.38,72.56,1.15,70.74,8.8,8.13,0.67,0,0,0,0,0,0,1,11,0,17.5,51.7,0,0,0,0,0,0,0,0,0,0,0,0,0,0,0,0,0,0,0
Yellow onion (imported),0.18,vegetables,39,163.1,7.3,0.1,1.19,1.88,89.1,0,0.47,3,1.5,1.5,0,,0.03,0,0,0,0.03,0,0,0.01,0,0.01,0.04,0.04,0.01,0,0,0,0,0,0,0.2,2,0,0.05,0.5,0.04,0,7.8,0.14,0.3,0.16,0,20.4,33,0.9,0.21,31,190,11,3,0.01,0,0.11,7
Orange,0.92,fruits and berries,49.4,206.6,10.24,0.1,0.8,1.9,86.5,0,0.46,5.3,3.6,3.6,0,,0.01,0,0,0,0.01,0.01,0,0.02,0,0.02,0.03,0.02,0.01,0,0,0,0,0,0,3.2,38,0,0.55,,0.08,0.04,53,0.3,0.43,0.06,0,30,21,0.3,0.15,41,158,10,0.7,0,0.2,0.1,29
Orange juice fresh,0.94,fruits and berries,47.9,200.3,10.6,0.2,0.7,0.1,88,0,0.4,4.8,0.7,0.7,0,,0.02,0,0,0,0.02,0,0,0.04,0.01,0.03,0.06,0.03,0.01,0,0,0,0,0,0,10,120,0,0.24,,0.09,0.03,50,0.4,0.52,0.04,0,30,17,,0.2,11,200,11,1,0,0.2,0.1,0
Orange juice from concentrate,1,fruits and berries,38.7,161.8,8.6,0.1,0.7,0,89.9,0,0.68,4.2,3.8,3.8,0,,0,0,0,0,0,0,0,0,0,0,0,0,0,0,0,0,0,0,0,3.5,13,0,0.19,0,0.06,0,32.3,0.19,0.3,0.05,0,25,13.7,0.3,0.08,11.7,119,9,2.2,0.01,0,0.03,0
Palm oil,0.3,oils,884.3,3700,0,100,0,0,0,0,0,0,0,0,0,,47.13,0,0.1,0.96,40.53,4.78,0.38,38.53,0.19,38.14,10.04,9.75,0.29,0,0,0,0,0,0,1642,15430,0,17.9,16.1,0,0,0,0,0,0,0,0,0,0,0,0,0,0,0,0,0,0,
Parsley,0.3,vegetables,35,146.5,4.4,0.3,2.2,2.9,88,0,2.2,0.8,0,0,0,,0.04,0,0,0,0.03,0,0,0.01,0.01,0,0.2,0.06,0.1,0,0,0,0,0,0,466.7,5600,0,2.7,,0.12,0.3,182,1.7,2.07,0.2,0,183,71,6,3.6,340,710,25,34,0.09,0.5,1.5,0
Parsnip,0.25,root vegetables,70.6,295.2,12.6,0.6,1.69,3.76,80.4,0,0.94,1.3,4.7,4.6,0,,0.09,0,0,0,0.09,0,0,0.03,0,0.03,0.36,0.33,0.03,0,0,0,0,0,0,0.2,2,0,0.74,0,0.09,0.06,16.6,2.18,2.5,0.09,0,77.9,56,0.3,0.39,33,400,18,3,0.01,0,0.48,27
Pasta,0.66,grains,359.5,1504,71.9,1.2,12.5,3.1,10.6,0,0.7,0.3,0.2,0.2,0,,0.13,0,0,0,0.12,0.01,0,0.17,0,0.16,0.5,0.46,0.05,0,0,0,0,0,0,0,0,0,0.7,,0.09,0.06,0,1.7,3.78,0.06,0,12,162,,1.3,27,197,48,2,0.01,1,1,0
Peanut butter,2.5,oils,615.4,2575.1,14.3,51,22.6,7.6,1.3,0,3.2,8.8,6.4,6.4,0,,8.5,0,0,0,5.76,1.94,0,24.6,0,23.86,15.34,15.34,0,0,0,0,0,0,0,0,0,0,4.7,,0.15,0.1,0,13.5,17.27,0.39,0,82,375,,1.8,33,680,175,470,1.18,2,2.9,0
Peanut oil,3.95,oils,884.3,3700,0,100,0,0,0,0,0,0,0,0,0,,14.8,0,0,0,8.6,5.45,0.57,39.1,0,38.9,41.7,41.3,0.38,0,0,0,0,0,0,0,0,0,1.4,,0,0,0,0,0,0,0,0,0,,0,0,0,0,0,0,0,0,0
Pears (Swedish),0.3,fruits and berries,53.9,225.5,10.95,0.06,0.37,3.86,84.5,0,0.26,7.5,1,1,0,,0.01,0,0,0,0.01,0,0,0.01,0,0.01,0.03,0.02,0.01,0,0,0,0,0,0,1.3,16,0,0.49,,0.01,0.02,5,0.1,0.16,0.04,0,5.6,10.9,,0.18,11.4,105.9,7,0.8,0,0.4,0.1,8
Pineapple,0.92,fruits and berries,55,230.1,11.7,0.4,0.4,1.2,86,0,0.3,3.7,7.5,7.5,0,,0.03,0,0,0,0.02,0.01,0,0.04,0,0.04,0.13,0.08,0.06,0,0,0,0,0,0,0.8,10,0,0.1,,0.09,0.04,15,0.4,0.47,0.09,0,11,7,1,0.2,7,113,14,1,0,0.6,0.1,48
Pollock (frozen fillets),2.6,fish and seafood,80.1,335,0,0.6,18.4,0,79.8,0,1.2,0,0,0,0,,0.1,0,0,0.01,0.07,0.01,0,0.05,0.01,0.04,0.26,0,0,0.01,0.07,0.01,0.16,60,3,3,0,0.7,0.39,,0.04,0.07,0,3,6.37,0.18,1.3,10,220,,0.5,36,305,24,61,0.15,20,0.3,52
Pomegranate,0.92,fruits and berries,55.7,233.1,7,0.6,0.7,10,81,0,0.7,9,1,1,0,,0.09,0,0,0,0.07,0.01,0.01,0.23,0,0.23,0.13,0.11,0.02,0,0,0,0,0,0,3.3,40,0,0.92,,0.03,0.03,6,0.3,0.42,0.1,0,10,8,,0.3,3,260,3,3,0.01,1,0.2,44
Pork,4.5,meat,154.7,647.1,0,8.67,19.19,0,71.05,0,1.09,0,0,0,0,,3.71,0.01,0.01,0.15,2.21,1.29,0.02,3.58,0.29,3.17,0.95,0.74,0.04,0.02,0.01,0.02,0.03,57,9,9,0,0.56,0.4,,0.79,0.28,0,6.68,10.2,0.48,0.67,3.6,178.4,,1.26,8.6,337.8,24.6,61,0.15,9.99,2.42,17.2
Potato croquettes frozen,0.01,root vegetables,189.4,792.5,25.5,8,3,1.5,60.4,0,1.6,0.4,0.4,0.2,0,,1.4,0,0.01,0.04,0.88,0.44,0.05,5.18,0.02,4.98,1.07,0.53,0.03,0,0,0,0,44,1,1,0,0,0.1,,0.15,0.1,5,1.7,2.2,0.19,0,7,91,,0.9,49,250,18,300,0.75,0.1,0.3,0
Potato patties,0.01,root vegetables,165.6,692.9,22.52,6.04,3.96,2.45,63.16,0,1.84,0.45,0.37,0.27,1,,0.82,0.01,0,0.02,0.55,0.19,0.03,3.16,0.04,3.04,1.44,1.04,0.36,0.02,0,0,0.01,41.7,41.2,42.4,14,0.33,1.97,,0.07,0.07,10.4,2,2.77,0.2,0.17,24.3,78.6,,0.68,14.2,359.4,24.6,394.4,0.99,2.88,0.45,
Potatoes (imported),0.6,root vegetables,83.4,348.8,17.5,0.1,1.81,2.1,77.59,0,0.94,0.46,0.34,0.34,0,,0,0,0,0,0,0,0,0,0,0,0,0,0,0,0,0,0,0,0,0.6,8,0,0.13,1.5,0.05,0.03,17.4,1.77,2.1,0.19,0,20.1,42.1,7.4,0.38,4,322.4,19.2,80.1,0.2,0,0.2,
Potatoes (Swedish),0.08,root vegetables,78.6,328.8,16.4,0.1,1.74,2.09,78.81,0,0.91,0.52,0.32,0.32,0,,0,0,0,0,0,0,0,0,0,0,0,0,0,0,0,0,0,0,0,0.6,8,0,0.07,1.2,0.06,0.03,23.6,2.01,2.3,0.21,0,19.1,43.1,0.2,0.4,4.4,378.5,21.8,3.1,0.01,0.05,0.22,
Processed cheese,9.88,cheese,253,1058.6,0.1,20.8,16.9,0,57.3,0,4.9,0,0.2,0,0,,13.48,1.77,0.67,2.18,5.96,2.32,0.04,5.36,0.31,4.69,0.53,0.4,0.12,0.02,0,0,0,55,161,167.2,75,0.14,0.5,,0.09,0.43,0,0.1,4.04,0.25,0.4,7,800,,0.2,630,100,26,1 000.00,2.5,1,2.6,0
Quinoa,2.1,grains,140,585.8,21.7,2.4,4.38,6.7,63.5,0,1.3,0.03,0.74,0.74,0,,0.22,0,0,0,0.17,0.01,0.01,0.64,0,0.57,1.04,0.89,0.14,0,0,0,0,0,0,0.2,3,0,1.09,0.7,0.1,0.07,0,0.36,1.1,0.13,0,86.5,171.8,39,1.6,13.7,208.6,82.6,277.3,0.69,2.7,1.09,
Quorn fillets,3.7,meat,103.7,434,5,2.1,13.7,4.8,73,0,1.4,0.8,0,0,0,,0.6,0,0,0.01,0.39,0.15,0,0.7,0.02,0.41,1.9,0.99,0.37,0,0,0,0,0,0,0,0,0,0,,1.2,0.3,0,0.4,2.68,0.08,0.3,21,190,,0.5,28.8,128,36.5,330,0.83,0,8,0
Radish,0.23,vegetables,15.3,64.1,2.2,0.1,0.6,1.6,95,0,0.5,1.6,0,0,0,,0.03,0,0,0,0.02,0,0,0.01,0,0.01,0.04,0.01,0.03,0,0,0,0,0,0,1.2,15,0,0.1,,0.02,0.04,33,0.2,0.3,0.06,0,27,36,1,0.8,41,280,10,21,0.05,0.1,0.5,5
Rapeseed oil,0.8,oils,884.3,3700,0,100,0,0,0,0,0,0,0,0,0,,7.07,0,0,0.1,4.3,1.63,0.57,61.28,0.19,59.27,27.4,18.83,8.47,0,0,0,0,0,0,0,0,0,26.1,128,0,0,0,0,0,0,0,0,0,0,0,0,0,0,0,0,0,0,0
Raw sausage,8,meat,208.7,873.2,21.75,12,3.5,0,61.96,0,0.79,0.8,15,9.4,0,,7.71,0.58,0.43,1.29,3.75,1.35,0.02,2.99,0.2,2.63,0.44,0.29,0.05,0.02,0,0,0,43,111,114.8,46,0.09,0.3,,0.05,0.17,0,0.1,0.92,0.09,0.5,2,116.5,15,0.1,105,165.5,14,51.5,0.13,0.2,0.5,0
Red cabbage,0.23,vegetables,31.4,131.3,4.7,0.3,1.13,2.64,90.5,0,0.7,4.3,0.7,0.7,0,,0.06,0,0,0,0.05,0,0,0.02,0.01,0.01,0.17,0.11,0.05,0,0,0,0,0,0,0.2,2,0,0,18,0.06,0,58.9,0.39,0.6,0.17,0,45.9,25,1.4,0.28,33,260,11,8,0.02,0,0.16,20
Red lentils - canned,0.9,legumes,88.6,370.6,11.9,0.5,6.88,4.1,75.7,0,0.9,0.01,0.21,0.16,0,,0.07,0,0,0,0.05,0.01,0,0.1,0,0.1,0.22,0.18,0.04,0,0,0,0,0,0,0.8,10,0,0.34,14.9,0.04,0.03,0,0.35,1.5,0.09,0,21.3,71.2,2.3,1.59,24.8,119,17.6,230.2,0.58,20.5,0.4,
Red onion,0.18,vegetables,46.1,192.8,9,0.1,1.19,1.98,87.2,0,0.5,2.9,1.6,1.6,0,,0.03,0,0,0,0.03,0,0,0.01,0,0.01,0.04,0.04,0.01,0,0,0,0,0,0,0,0,0,0.05,0,0.04,0,9.2,0.16,0.4,0.17,0,27.9,34,0.9,0.2,26,200,11,3,0.01,0,0.15,7
Risotto rice - dry,3.1,grains,358.3,1499.2,78.1,1.28,6.74,1.2,11.69,0,0.99,0.62,0.36,0.36,0,,0.23,0,0,0,0.19,0.02,0.01,0.42,0,0.41,0.44,0.42,0.02,0,0,0,0,0,0,0,0,0,0.03,0.3,0.21,0.04,0,7.39,8.5,0.63,0,24.7,188,1,0.3,4.6,192,50.4,1,0,2.7,1.14,
Romaine lettuce,0.7,vegetables,16.4,68.8,0.9,0.2,1.88,1.77,94.5,0,0.73,1.2,0.1,0.1,0,,0.03,0,0,0,0,0,0,0.01,0,0,0.11,0,0.08,0,0,0,0,0,0,90.8,1090,0,0.27,129,0.03,0.06,6,0.45,0.8,0.08,0,88.8,28,1,0.54,46,300,17,7,0.02,0,0.31,
Salmon,6.45,fish and seafood,180.9,756.8,0,12,18.4,0,68,0,1.6,0,0,0,0,,2.55,0,0,0.35,1.72,0.36,0,4.97,1,3.63,3.28,0.41,0.18,0.11,0.49,0.25,1.33,70,30,30,0,12.5,1.3,,0.23,0.1,0,6,9.37,0.98,6.2,26,200,40,0.8,20,330,24,57,0.14,26,0.4,35
Sauerkraut (canned) ,0.23,vegetables,16.8,70.3,2,0.2,0.9,1.7,93,0,2.2,0,0.1,0.1,0,,0.04,0,0,0,0.04,0,0,0,0,0,0.11,0.03,0.08,0,0,0,0,0,0,1,12,0,0,,0.02,0.02,15,0.1,0.25,0.1,0,40,28,0.7,1.1,42,260,13,320,0.8,0,0.3,0
Savoy cabbage,0.23,vegetables,28.4,118.9,3.6,0.1,2,2.5,91,0,0.8,3.1,0.1,0.1,0,,0.01,0,0,0,0.01,0,0,0.01,0,0.01,0.05,0.02,0.03,0,0,0,0,0,0,50,600,0,0.6,,0.07,0.03,31,0.3,0.63,0.19,0,79,42,,0.4,35,230,28,28,0.07,3.8,0.5,20
Semi-hard cheese,9.86,cheese,386.3,1616.2,1.4,31,26.2,0,37.9,0,3.5,0,0,0,0,,20.33,3.19,0.97,3.19,8.96,3.57,0.06,7.24,0.29,6.68,0.47,0.47,0.21,0,0,0,0,87,259,270.9,143,0.21,0.72,2.9,0.02,0.28,0,0.04,6.16,0.04,1.4,32,490,15,0.11,710,80,29,430,1.08,9.6,3.2,0
Shrimp,3,fish and seafood,269.6,1128.1,4.7,18.31,21.81,0,51.51,0,3.65,0,0,0.05,0,,6.37,0.01,0.02,0.23,3.85,2.17,0.04,8.66,0.43,7.94,2.17,1.8,0.19,0.05,0,0,0,60.6,13.4,13.4,2,0.36,0.05,0.4,0.83,0.24,73.9,6.04,10,0.47,0.7,12,189.4,2,1.13,11,367.8,24.1,1 079.00,2.7,14.32,3.43,0
Soda,1.8,sweets,42.7,178.5,10.5,0,0,0,89.5,0,0.02,3.6,6.9,6.9,0,,0,0,0,0,0,0,0,0,0,0,0,0,0,0,0,0,0,0,0,0,0,0,0,0,0,0,0,0,0,0,0,0,0,0,0,1.9,0.4,0.3,1.7,0,0,0,0
Sour cream (light),6.8,dairy,404.7,1693.2,99.6,0,0,0,0.4,0,0,0,100,100,0,,0,0,0,0,0,0,0,0,0,0,0,0,0,0,0,0,0,0,0,0,0,0,0,,0,0,0,0,0,0,0,0,0,0,0,1,2,0,1,0,0,0,0
Soy milk,2.9,dairy,36.7,153.6,3.2,1.5,2.57,0,92,0,0.71,0,2.4,2.4,0,,0.15,0,0,0,0.1,0.04,0,0.26,0,0.26,0.61,0.54,0.08,0,0,0,0,0,0,0,0,0,0.16,3.5,0.03,0.17,0,0.12,0.6,0.03,0,16.1,89.7,0,0.37,19,135,14.4,37,0.09,0,0.26,0
Soy protein mince,0.72,meat,168.4,704.7,5.5,6.81,17.65,7.4,59.72,0,2.94,0,0,0.05,0,,0.73,0.02,0,0,0.42,0.22,0.02,1.38,0.01,1.35,3.32,3.26,0.07,0,0,0,0,0,0,0,0,0,3.18,2.4,0.51,0.27,0,1.79,4.7,0.35,0,138,291,2,3.56,103,244,125,271,0.68,6.6,1.94,
Soy sausage,0.72,meat,225.8,944.9,0.8,15.97,16.4,7.7,56.52,0,2.6,0.88,0.76,0.05,0,,1.55,0,0,0.01,0.92,0.47,0.04,3.46,0.01,3.4,7.75,7.57,0.18,0,0,0,0,0,20,23.9,34,0,8.74,5.1,0.04,0.2,20.3,0.84,3.6,0.08,0,48.5,87.6,3,1.22,47,207,28,692,1.73,14.4,0.71,
Soybean oil,1.57,oils,884.3,3700,0,100,0,0,0,0,0,0,0,0,0,,14.9,0,0,0,10.1,4.11,0.29,22.3,0,22,58.4,51.1,7.36,0,0,0,0,0,0,0,0,0,12,,0,0,0,0,0,0,0,0,0.2,,0,0,0,0,0,0,0,0,0
Soybean patties,0.72,meat,178.3,746.1,15.38,9.01,7.29,3.42,61.97,0,2.89,1.07,0.65,0.63,0,,1.17,0.01,0.01,0.02,0.77,0.29,0.04,4.16,0.05,4.02,3.05,2.41,0.61,0.01,0,0,0.01,38.48,41.6,43.4,21,0.36,2.14,,0.12,0.09,4.9,1.07,2.4,0.21,0.16,30.8,124.3,,1.61,47.1,415.9,50.9,695.6,1.74,3.01,0.8,
Spinach,0.7,vegetables,17.5,73.1,0.7,0.5,1.9,1.3,94,0,1.6,0.2,0.1,0.1,0,,0.06,0,0,0,0.05,0,0,0.03,0.01,0.02,0.29,0.05,0.21,0,0,0,0,0,0,275,3300,0,2.9,,0.1,0.28,46,0.9,1.22,0.2,0,194,30,1,2,93,560,79,6,0.02,0.5,0.9,5
Stir-fry Asian vegetable mix ,0.7,vegetables,48.7,203.7,5.7,1.3,1.43,4.3,86,0,1.3,2.08,2.3,2.3,0,,0.14,0,0,0,0.09,0.02,0.01,0.67,0,0.65,0.43,0.03,0.1,0,0,0,0,2,0,256.9,2600,0,1.3,20.6,0.06,0.06,9.7,0.48,0.7,0.15,0.06,42.4,37,2,0.64,44,226,16,220,0.55,5,0.35,0
Strawberries,0.43,fruits and berries,41.2,172.4,8.29,0.21,0.49,1.9,88.73,0,0.37,7.3,0.6,0.6,0,,0.04,0,0,0,0.04,0.01,0,0.02,0,0.02,0.11,0.07,0.04,0,0,0,0,0,0,0.8,10,0,0.55,5,0.01,0.02,60.8,0.44,0.5,0.07,0,85.7,20,0.6,0.34,18.1,129.5,11,1,0,0,0.2,3
Strawberry jam,4.4,sweets,171,715.4,41.1,0.1,0.25,1.1,57.3,0,0.19,15.8,22.6,22.6,0,,0,0,0,0,0,0,0,0,0,0,0,0,0,0,0,0,0,0,0,0.2,2,0,0.17,1.3,0,0.07,3.3,0.13,0.2,0.01,0,17.5,8.1,30.8,0.29,9.5,57.7,4.3,11.3,0.03,0,0.05,0
Sugar,1.2,sweets,341.3,1428.1,64.7,3,9.2,7.6,14,0,1.5,0.4,0.5,0.5,100,,0.53,0,0,0.01,0.51,0.02,0,0.26,0,0.25,1.37,1.24,0.13,0,0,0,0,0,0,0,0,0,0.25,,0.33,0.11,0,5.7,7.23,0.33,0,20,250,0.5,3.5,27,350,89,2,0.01,1,2.4,0
Summer squash,0.7,vegetables,14.5,60.6,2.5,0.1,0,1.8,95,0,0.58,2.9,0.1,0.1,0,,0,0,0,0,0,0,0,0,0,0,0,0,0,0,0,0,0,0,0,15.1,177,0,0.55,26.6,0.03,0.04,23.9,0.45,0.5,0.09,0,30.4,28.1,0,0.28,19.8,148,17.1,0,0,0,0.41,5
Sundried tomato,0.82,vegetables,167.1,699.1,23.3,1.5,9.38,11,37,0,17.8,22.9,0.1,0,0,,0.13,0,0,0,0.08,0.03,0.01,0.49,0,0.48,0.58,0.53,0.04,0,0,0,0,1,0,43.9,527,0,7,12.3,0.05,0.09,0,4.37,5.9,1.39,0,30.7,200,0.1,4.29,91,2 300.00,110,4 300.00,10.75,0,1.24,0
Sunflower oil,1.57,oils,884.3,3700,0,100,0,0,0,0,0,0,0,0,0,,10.42,0,0,0.1,5.83,3.25,0.29,28.87,0.1,28.58,56.31,56.21,0.1,0,0,0,0,0,0,0,0,0,60.5,4.2,0,0,0,0,0,0,0,0,0,0,0,0,0,0,0,0,0,0,0
Swede,0.24,root vegetables,36.6,153.1,6.1,0.06,1.37,3,88.8,0,0.62,6.4,0.4,0.4,0,,0.01,0,0,0,0.01,0,0,0.01,0,0.01,0.03,0.01,0.02,0,0,0,0,0,0,1.2,14,0,0,3.7,0.05,0.03,57.1,1.48,1.7,0.22,0,50.8,30.4,0,0.23,41.8,166,9.1,7.7,0.02,0,0.15,13
Sweet pepper green,0.7,vegetables,18.5,77.5,3,0.06,0.5,2,94.1,0,0.35,2.9,0.1,0.1,0,,0,0,0,0,0,0,0,0,0,0,0,0,0,0,0,0,0,0,0,13.7,161,0,0.65,11.8,0.02,0,109,0.68,0.8,0.19,0,19.5,15.2,0,0.29,9.7,110,8.2,0,0,0,0.14,15
Sweet pepper red,0.7,vegetables,22.4,93.9,4.1,0.23,0.5,0.9,93.4,0,0.89,4.8,0.1,0.1,0,,0,0,0,0,0,0,0,0,0,0,0,0,0,0,0,0,0,0,0,39.9,417,0,2.55,6.5,0.02,0.05,144,0.79,0.9,0.24,0,56.7,14.9,0,0.28,7.7,116,7.6,0,0,0,0.16,15
Sweet pepper yellow,0.7,vegetables,23.5,98.4,4.3,0.15,0.5,1.4,93.2,0,0.47,4.8,0.2,0.2,0,,0,0,0,0,0,0,0,0,0,0,0,0,0,0,0,0,0,0,0,16.8,133,0,2.13,5,0.03,0,163,0.81,0.9,0.22,0,41.2,16.1,0,0.3,7.4,123,8,0,0,0,0.13,15
Sweet potatoes,0.49,root vegetables,88.7,371.2,18.1,0.1,2.23,2.73,75.81,0,1.02,0.17,0.23,0.23,0,,0,0,0,0,0,0,0,0,0,0,0,0,0,0,0,0,0,0,0,0.8,9,0,0.05,1.8,0.05,0.03,24.5,2.3,2.4,0.22,0,29.5,45,0,0.44,5.8,436.8,27.6,2.8,0.01,0.65,0.33,
Swiss chard,0.7,vegetables,21.2,88.6,2.6,0.2,1.8,0.8,93,0,1.6,0.2,0.1,0.1,0,,0.03,0,0,0,0.02,0,0,0.01,0,0.01,0.12,0.02,0.09,0,0,0,0,0,0,165,1980,0,1.5,,0.04,0.09,30,0.4,0.7,0.2,0,30,46,,1.8,51,380,81,215,0.54,0.5,0.6,8
Tea - unbrewed,6.8,sweets,309.2,1293.9,61.8,0.4,11.7,3.7,5.3,0,17.1,0,0,0,0,,0.05,0,0,0,0.04,0.01,0,0.02,0,0.01,0.12,0.04,0.08,0,0,0,0,0,0,0,0,0,0,,0.05,0.69,0,12.6,14.55,0.73,0,10.3,442,,4,55,6596,363,130,0.33,0,3.2,0
Tofu cheese,2,cheese,73.6,308,0,4.2,7.8,2.5,84.7,0,0.8,0.4,0.8,0.8,0,,0.58,0,0,0.01,0.39,0.16,0.01,1,0.01,0.99,2.35,2.05,0.29,0,0,0,0,0,0,0,0,0,1,,0.06,0.03,0,0.1,1.4,0.5,0,130,126,,1.9,128,42,111,7,0.02,1,1.6,0
Tomato,1.47,vegetables,17.5,73.1,2.6,0.13,0.81,1.3,94.7,0,0.46,2.85,0,0,0,,0.02,0,0,0,0.02,0,0,0.02,0,0.01,0.06,0.06,0.01,0,0,0,0,0,0,43.2,518,0,0.74,3.4,0.03,0,14.8,0.58,0.7,0.1,0,16.6,22.5,0.2,0.19,12.5,240,9,2,0.01,0,0.09,0
Tomato paste (canned),0.82,vegetables,89,372.4,13.7,0.9,3.8,5.2,74,0,2.4,10,0.8,0.8,0,,0.17,0,0,0,0.14,0.02,0,0.1,0,0.1,0.45,0.39,0.04,0,0,0,0,0,0,123.3,1480,0,2.3,,0.16,0.19,42,3.2,3.83,0.38,0,10,79,,3,35,930,51,65,0.16,0.4,0.8,0
Tomatoes (canned),0.82,vegetables,22.4,93.9,3.7,0.2,0.81,1.23,93.35,0,0.69,3.65,0,0,0,,0.04,0,0,0,0.03,0.01,0,0.02,0,0.02,0.1,0.09,0.01,0,0,0,0,0,0,28.5,342,0,1.64,3.5,0.04,0.02,15,0.94,1.1,0.13,0,28.1,22,,0.57,12,295,12.5,15.5,0.04,0,0.13,0
Tuna,6.1,fish and seafood,138,577.4,0,4.9,23.3,0,70.62,0,1.18,0,0,0,0,,1.26,0,0,0.14,0.81,0.31,0,1.6,0.16,0.92,1.43,0.05,0,0.04,0.28,0.12,0.89,38,655,655,0,4.5,1,,0.24,0.25,0,8.65,12.92,0.46,9.43,1.9,254,,1.02,8,252,50,39,0.1,36.5,0.6,40
Turkey fillet,7.31,meat,126,527.2,0,4.6,21,0,73.5,0,0.9,0,0,0,0,,1.5,0,0,0.07,1.01,0.4,0,1.17,0.14,0.98,1.38,1.01,0.1,0.06,0.04,0.02,0.11,81,38,38,0,1.4,0.5,,0.08,0.1,0,8,11.85,0.43,0.4,9,190,,1.1,7,285,22,55,0.14,5,2,28
Turkey fillet (skinless),7.31,meat,106,443.5,0,0.9,24.13,0,74,0,1,0,0,0,0,,0.3,0,0,0.01,0.2,0.08,0,0.29,0.03,0.25,0.23,0.17,0.01,0.03,0,0.01,0,51,8.1,8.1,0,0.25,0.16,41,0.12,0.13,0,8.85,13.3,0.71,1.13,7.7,220,2.2,0.38,4.5,320,29,97,0.24,13.79,1.14,0
Watermelon,1.3,fruits and berries,34.1,142.5,7.5,0,0.6,0.6,91,0,0.3,6.3,2.4,2.4,0,,0,0,0,0,0,0,0,0,0,0,0,0,0,0,0,0,0,0,0,19.2,230,0,0.1,,0.08,0.02,10,0.2,0.3,0.14,0,2,9,,0.2,8,116,11,2,0.01,0,0.1,48
White bread,0.65,grains,268.6,1123.8,50.4,2.4,8.6,4,33.1,0,1.5,0.3,4.1,0.1,19,,0.4,0.01,0,0.01,0.28,0.08,0.01,0.57,0.01,0.51,0.39,0.35,0.04,0,0,0,0,0.82,30.4,30.4,0,0.28,0.15,,0.3,0.1,0,2.8,4.23,0.14,0.2,36,241,,1,49,268,93,484.5,1.21,1.43,2,0
White chocolate,7.2,sweets,584.8,2446.8,52.4,39.28,6.04,0,0.83,0,1.47,0,51.83,41.9,0,,24.12,0.6,0.3,0.81,9.93,11.72,0.35,11.84,0.21,11.5,1.45,1.29,0.11,0,0,0,0,26.1,73.4,76.2,31,0.33,0.67,6.1,0.03,0.42,0,0.28,1.3,0.11,0.53,10.5,179,23,0.19,203,311,20.8,78.8,0.2,2.4,0.74,
White porridge rice - dry,3.1,grains,361,1510.6,80.2,0.8,6.4,1.1,11,0,0.49,0,0.2,0.2,0,0.2,0.14,0,0,0,0.12,0.01,0,0.26,0,0.25,0.27,0.26,0.01,0,0,0,0,0,0,0,0,0,0,,0.2,0.05,0,1.3,2.4,0.2,0,9,96,,0.2,0,96,28,1,0,0,1.1,
White radish,0.23,vegetables,18.2,76,2.5,0.1,1,1.6,94,0,0.8,2,0.2,0.2,0,,0.02,0,0,0,0.02,0,0,0.01,0,0.01,0.05,0.01,0.04,0,0,0,0,0,0,1.7,20,0,0,,0.05,0.04,20,0.4,0.57,0.11,0,24,29,,0.6,50,350,9,9,0.02,0.1,0.2,10
White rice long-grain - dry,3.1,grains,352.2,1473.8,76.9,0.7,7.8,1,13,0,0.64,0.07,0,0.04,0,0.1,0.12,0,0,0,0.1,0.01,0,0.23,0,0.22,0.24,0.23,0.01,0,0,0,0,0,0,0,0,0,0,,0.04,0.05,0,0.5,1.8,0.56,0,9,132,,0,0,52,9,0,0,0,1.3,
Wild rice - dry,3.1,grains,360.4,1507.9,68.7,1.08,14.73,6.2,7.76,0,1.53,0,0,0,100,,0.16,0,0,0,0.14,0.01,0,0.16,0,0.16,0.68,0.38,0.3,0,0,0,0,0,0,0,0,0,0,,0.12,0.26,0,6.73,9.19,0.39,0,95,433,,1.96,21,427,177,7,0.02,2.8,5.96,0
Yellow peas,0.32,legumes,316.6,1324.5,49.2,1,21.5,10.7,15,0,2.6,0.3,1.8,1.8,0,,0.19,0,0,0,0.17,0.01,0,0.07,0,0.07,0.54,0.45,0.09,0,0,0,0,0,0,1.2,15,0,0.09,,0.82,0.18,1,2.5,6.08,0.08,0,33,380,45,6,59,1 100.00,120,2,0.01,2,3.8,0
Yogurt,1.2,dairy,60.1,251.4,4.84,3,3.42,0,88,0,0.74,0.92,2.7,0,0,,1.97,0.31,0.09,0.31,0.87,0.35,0.01,0.7,0.03,0.65,0.05,0.05,0.02,0,0,0,0,10.2,25,26.2,14,0.02,0.07,,0.04,0.14,0,0.06,0.86,0.04,0.24,11.2,91,,0.04,116,162,12,41,0.1,1.8,0.45,0
